,MatchID,For Team,Against Team,Date,GameWeek,Home,Possession,Touches,Passes,Tackles,Clearances,Corners,Offsides,Fouls Committed,Yellow Cards,Goals,XG,Shots On Target,Total Shots,Goals Conceded,Shots Conceded,XGC,Shots In Box,Close Shots,Headers,Shots Centre,Shots Left,Shots Right,Shots In Box Conceded,Close Shots Conceded,Headers Conceded,Shots Centre Conceded,Shots Left Conceded,Shots Right Conceded
0,46605,Liverpool,Norwich City,2019-08-09,1,Home,57.9,662,477,21,5,11,0,9,0,4,2.8092463638395966,7,15,1,12,1.547372720082962,10,9,2,6,2,2,7,7,1,4,3,1
1,46605,Norwich City,Liverpool,2019-08-09,1,Away,42.1,577,363,12,35,2,5,9,2,1,1.547372720082962,5,12,4,15,2.8092463638395966,7,7,1,4,3,1,10,9,2,6,2,2
2,46606,Bournemouth,Sheffield United,2019-08-10,1,Home,52.9,671,485,18,13,3,1,10,2,1,4.023956891034905,3,13,1,8,2.5884591648907422,6,4,1,4,1,1,2,4,0,2,0,0
3,46606,Sheffield United,Bournemouth,2019-08-10,1,Away,47.1,615,428,14,16,4,1,19,1,1,2.5884591648907422,3,8,1,13,4.023956891034905,2,4,0,2,0,0,6,4,1,4,1,1
4,46607,Burnley,Southampton,2019-08-10,1,Home,46.5,549,332,21,13,2,5,6,0,3,3.9734587170558866,4,10,0,11,2.658945420387837,7,5,2,3,1,4,5,3,0,1,4,0
5,46607,Southampton,Burnley,2019-08-10,1,Away,53.5,579,393,7,18,7,1,12,0,0,2.658945420387837,3,11,3,10,3.9734587170558866,5,3,0,1,4,0,7,5,2,3,1,4
6,46608,Crystal Palace,Everton,2019-08-10,1,Home,35.4,467,268,21,21,6,4,16,2,0,1.0756264544013892,2,6,0,10,1.4299722788286167,6,2,1,2,3,1,7,4,1,6,1,0
7,46608,Everton,Crystal Palace,2019-08-10,1,Away,64.6,722,500,14,18,2,0,14,1,0,1.4299722788286167,3,10,0,6,1.0756264544013892,7,4,1,6,1,0,6,2,1,2,3,1
8,46609,Leicester City,Wolverhampton Wanderers,2019-08-11,1,Home,70.0,871,665,20,12,12,0,3,0,0,1.6715747763400661,1,16,0,8,1.6830596444707413,4,2,2,3,0,1,4,2,1,2,1,1
9,46609,Wolverhampton Wanderers,Leicester City,2019-08-11,1,Away,30.0,508,291,19,33,3,1,13,2,0,1.6830596444707413,2,8,0,16,1.6715747763400661,4,2,1,2,1,1,4,2,2,3,0,1
10,46610,Tottenham Hotspur,Aston Villa,2019-08-10,1,Home,70.1,792,587,17,6,14,1,13,1,3,3.2405938769732603,7,31,1,7,1.4483714426137015,16,9,4,8,4,5,4,5,1,4,0,0
11,46610,Aston Villa,Tottenham Hotspur,2019-08-10,1,Away,29.9,461,256,29,39,0,0,9,0,1,1.4483714426137015,4,7,3,31,3.2405938769732603,4,5,1,4,0,0,16,9,4,8,4,5
12,46611,Watford,Brighton and Hove Albion,2019-08-10,1,Home,48.2,602,414,12,10,5,0,15,0,0,2.4503727768395547,3,11,3,5,1.915771975339457,4,3,1,4,0,0,2,3,0,2,1,0
13,46611,Brighton and Hove Albion,Watford,2019-08-10,1,Away,51.8,637,442,24,24,2,3,11,1,3,1.915771975339457,3,5,0,11,2.4503727768395547,2,3,0,2,1,0,4,3,1,4,0,0
14,46612,West Ham United,Manchester City,2019-08-10,1,Home,42.9,571,403,18,9,1,2,6,2,0,2.6776492464634574,3,5,5,14,6.948835388563055,3,4,2,3,0,0,9,11,2,5,1,3
15,46612,Manchester City,West Ham United,2019-08-10,1,Away,57.1,722,547,18,13,1,4,13,2,5,6.948835388563055,9,14,0,5,2.6776492464634574,9,11,2,5,1,3,3,4,2,3,0,0
16,46613,Manchester United,Chelsea,2019-08-11,1,Home,46.2,649,449,16,19,3,2,15,3,4,2.739528857440783,5,11,0,18,2.0052109825596096,5,5,1,4,1,0,9,10,3,4,5,0
17,46613,Chelsea,Manchester United,2019-08-11,1,Away,53.8,730,523,21,11,5,0,13,4,0,2.0052109825596096,7,18,4,11,2.739528857440783,9,10,3,4,5,0,5,5,1,4,1,0
18,46614,Newcastle United,Arsenal,2019-08-11,1,Home,38.1,577,378,26,17,5,1,12,1,0,0.9963027951445779,2,9,1,8,1.2493858592148255,4,3,1,3,1,0,6,2,2,3,4,0
19,46614,Arsenal,Newcastle United,2019-08-11,1,Away,61.9,819,616,11,22,3,3,7,3,1,1.2493858592148255,2,8,0,9,0.9963027951445779,6,2,2,3,4,0,4,3,1,3,1,0
20,46615,Arsenal,Burnley,2019-08-17,2,Home,67.5,731,529,12,28,10,5,13,2,2,2.7319410934272526,9,15,1,18,2.2484161655133383,8,10,1,4,2,2,11,5,8,6,6,0
21,46615,Burnley,Arsenal,2019-08-17,2,Away,32.5,437,234,16,25,7,1,11,1,1,2.2484161655133383,5,18,2,15,2.7319410934272526,11,5,8,6,6,0,8,10,1,4,2,2
22,46616,Aston Villa,Bournemouth,2019-08-17,2,Home,62.6,689,490,7,15,10,5,10,0,1,5.232832521723183,7,21,2,12,3.6023907446692247,11,10,5,9,2,0,7,4,2,2,2,3
23,46616,Bournemouth,Aston Villa,2019-08-17,2,Away,37.4,468,295,15,25,5,2,13,2,2,3.6023907446692247,4,12,1,21,5.232832521723183,7,4,2,2,2,3,11,10,5,9,2,0
24,46617,Brighton and Hove Albion,West Ham United,2019-08-17,2,Home,57.3,717,497,20,16,8,2,11,0,1,2.0409853867938432,4,16,1,8,1.2792885404682273,12,5,4,10,2,0,3,3,1,0,3,0
25,46617,West Ham United,Brighton and Hove Albion,2019-08-17,2,Away,42.7,587,377,22,14,6,4,10,2,1,1.2792885404682273,3,8,1,16,2.0409853867938432,3,3,1,0,3,0,12,5,4,10,2,0
26,46618,Chelsea,Leicester City,2019-08-18,2,Home,50.2,692,454,25,23,4,3,9,1,1,4.632954993469463,5,14,1,12,2.1475159746843375,8,7,4,7,1,1,5,4,2,3,2,1
27,46618,Leicester City,Chelsea,2019-08-18,2,Away,49.8,690,455,29,20,5,3,14,0,1,2.1475159746843375,3,12,1,14,4.632954993469463,5,4,2,3,2,1,8,7,4,7,1,1
28,46619,Everton,Watford,2019-08-17,2,Home,44.1,536,303,20,35,4,3,11,2,1,1.1789031914934984,2,12,0,8,1.0044260480452807,7,4,3,5,2,0,5,3,2,3,2,0
29,46619,Watford,Everton,2019-08-17,2,Away,55.9,611,388,34,13,7,1,11,3,0,1.0044260480452807,2,8,1,12,1.1789031914934984,5,3,2,3,2,0,7,4,3,5,2,0
30,46620,Manchester City,Tottenham Hotspur,2019-08-17,2,Home,55.4,806,610,15,10,13,3,14,1,2,4.836336375923778,10,30,2,3,0.7796088771698528,22,14,5,11,6,5,1,2,1,0,0,1
31,46620,Tottenham Hotspur,Manchester City,2019-08-17,2,Away,44.6,701,506,17,23,2,1,4,0,2,0.7796088771698528,2,3,2,30,4.836336375923778,1,2,1,0,0,1,22,14,5,11,6,5
32,46621,Norwich City,Newcastle United,2019-08-17,2,Home,63.3,780,603,14,23,7,2,9,1,3,2.946742911624478,8,15,1,12,1.4354886701154492,10,8,2,7,1,4,8,5,4,3,5,2
33,46621,Newcastle United,Norwich City,2019-08-17,2,Away,36.7,513,336,14,13,5,1,11,3,1,1.4354886701154492,4,12,3,15,2.946742911624478,8,5,4,3,5,2,10,8,2,7,1,4
34,46622,Sheffield United,Crystal Palace,2019-08-18,2,Home,42.5,604,354,20,38,8,0,16,3,1,2.8891566123062145,3,15,0,6,0.6120136433875295,8,4,3,7,1,0,1,4,0,0,1,1
35,46622,Crystal Palace,Sheffield United,2019-08-18,2,Away,57.5,718,498,21,25,4,1,11,1,0,0.6120136433875295,4,6,1,15,2.8891566123062145,1,4,0,0,1,1,8,4,3,7,1,0
36,46623,Southampton,Liverpool,2019-08-17,2,Home,36.2,497,296,15,27,5,4,10,2,1,5.12867322242673,3,14,2,15,4.181635114461961,7,4,2,5,1,1,9,8,1,4,3,2
37,46623,Liverpool,Southampton,2019-08-17,2,Away,63.8,735,530,7,30,9,1,6,1,2,4.181635114461961,6,15,1,14,5.12867322242673,9,8,1,4,3,2,7,4,2,5,1,1
38,46624,Wolverhampton Wanderers,Manchester United,2019-08-19,2,Home,34.4,520,350,17,14,4,1,17,2,1,1.4524654758661155,2,6,1,9,3.8526692344550533,5,3,2,3,0,2,4,2,2,4,1,0
39,46624,Manchester United,Wolverhampton Wanderers,2019-08-19,2,Away,65.6,845,668,23,15,6,1,8,2,1,3.8526692344550533,2,9,1,6,1.4524654758661155,4,2,2,4,1,0,5,3,2,3,0,2
40,46625,Aston Villa,Everton,2019-08-23,3,Home,35.2,503,301,12,25,0,8,10,2,2,1.1836442251680326,3,7,0,12,2.010747163463744,3,3,0,1,1,1,7,2,2,7,0,1
41,46625,Everton,Aston Villa,2019-08-23,3,Away,64.8,727,539,16,7,6,1,18,3,0,2.010747163463744,1,12,2,7,1.1836442251680326,7,2,2,7,0,1,3,3,0,1,1,1
42,46626,Bournemouth,Manchester City,2019-08-25,3,Home,26.2,419,249,8,22,4,2,7,1,1,6.594392207462742,7,10,3,18,7.3037909754567565,7,7,1,5,2,0,13,7,3,12,1,0
43,46626,Manchester City,Bournemouth,2019-08-25,3,Away,73.8,905,728,16,16,5,4,13,3,3,7.3037909754567565,5,18,1,10,6.594392207462742,13,7,3,12,1,0,7,7,1,5,2,0
44,46627,Brighton and Hove Albion,Southampton,2019-08-24,3,Home,50.7,596,394,16,10,8,1,9,1,0,3.1659477126837325,3,12,2,12,4.007309782949907,8,6,5,4,3,1,4,5,1,1,1,2
45,46627,Southampton,Brighton and Hove Albion,2019-08-24,3,Away,49.3,580,395,19,22,5,0,10,3,2,4.007309782949907,4,12,0,12,3.1659477126837325,4,5,1,1,1,2,8,6,5,4,3,1
46,46628,Liverpool,Arsenal,2019-08-24,3,Home,52.0,747,553,25,11,6,1,8,1,3,3.6742217880266055,5,25,1,9,0.9310878835914393,15,7,4,9,2,4,4,5,1,2,1,1
47,46628,Arsenal,Liverpool,2019-08-24,3,Away,48.0,738,516,16,27,4,4,5,1,1,0.9310878835914393,3,9,3,25,3.6742217880266055,4,5,1,2,1,1,15,7,4,9,2,4
48,46629,Manchester United,Crystal Palace,2019-08-24,3,Home,71.3,748,562,9,6,8,0,8,2,1,2.8179062339361494,3,22,2,5,1.2206476583827102,13,4,5,8,2,3,5,4,0,1,3,1
49,46629,Crystal Palace,Manchester United,2019-08-24,3,Away,28.7,409,231,25,26,1,0,18,4,2,1.2206476583827102,3,5,1,22,2.8179062339361494,5,4,0,1,3,1,13,4,5,8,2,3
50,46630,Norwich City,Chelsea,2019-08-24,3,Home,46.6,682,481,16,29,1,0,9,1,2,1.6386792244293202,5,6,3,23,2.9381761258748247,3,6,1,2,1,1,11,10,2,8,2,2
51,46630,Chelsea,Norwich City,2019-08-24,3,Away,53.4,766,543,26,9,8,0,9,1,3,2.9381761258748247,8,23,2,6,1.6386792244293202,11,10,2,8,2,2,3,6,1,2,1,1
52,46631,Sheffield United,Leicester City,2019-08-24,3,Home,49.1,616,421,16,15,7,1,11,1,1,1.9601026013223453,2,7,2,10,2.0180545545991246,4,2,2,3,0,1,5,4,2,3,2,0
53,46631,Leicester City,Sheffield United,2019-08-24,3,Away,50.9,668,452,13,38,4,5,6,0,2,2.0180545545991246,2,10,1,7,1.9601026013223453,5,4,2,3,2,0,4,2,2,3,0,1
54,46632,Tottenham Hotspur,Newcastle United,2019-08-25,3,Home,80.2,942,763,10,5,6,1,10,2,0,1.4851855670756033,2,17,1,8,1.4231215962848558,8,4,1,5,3,0,7,4,2,4,0,3
55,46632,Newcastle United,Tottenham Hotspur,2019-08-25,3,Away,19.8,391,190,15,54,6,4,5,2,1,1.4231215962848558,3,8,0,17,1.4851855670756033,7,4,2,4,0,3,8,4,1,5,3,0
56,46633,Watford,West Ham United,2019-08-24,3,Home,54.9,667,465,17,12,8,1,12,1,1,6.11049559209818,3,23,3,16,10.180399819231493,17,5,3,10,4,4,8,12,5,5,3,0
57,46633,West Ham United,Watford,2019-08-24,3,Away,45.1,593,386,17,24,7,2,11,1,3,10.180399819231493,10,16,1,23,6.11049559209818,8,12,5,5,3,0,17,5,3,10,4,4
58,46634,Wolverhampton Wanderers,Burnley,2019-08-25,3,Home,65.1,772,586,9,29,4,1,9,0,1,4.256798843883482,2,17,1,13,3.418705924033077,8,5,2,5,1,2,7,7,2,4,2,2
59,46634,Burnley,Wolverhampton Wanderers,2019-08-25,3,Away,34.9,479,306,12,27,3,1,11,2,1,3.418705924033077,4,13,1,17,4.256798843883482,7,7,2,4,2,2,8,5,2,5,1,2
60,46635,Arsenal,Tottenham Hotspur,2019-09-01,4,Home,54.8,673,453,23,11,11,3,13,3,2,3.5919177934319175,8,26,2,13,2.860427977573584,13,10,4,9,2,2,4,10,0,2,1,1
61,46635,Tottenham Hotspur,Arsenal,2019-09-01,4,Away,45.2,569,388,13,24,6,1,19,5,2,2.860427977573584,9,13,2,26,3.5919177934319175,4,10,0,2,1,1,13,10,4,9,2,2
62,46636,Burnley,Liverpool,2019-08-31,4,Home,36.2,495,318,14,21,6,5,10,0,0,0.9883878382779212,2,7,3,15,2.4627045179652356,4,2,1,3,0,1,7,7,1,6,0,1
63,46636,Liverpool,Burnley,2019-08-31,4,Away,63.8,739,568,11,19,4,1,16,0,3,2.4627045179652356,7,15,0,7,0.9883878382779212,7,7,1,6,0,1,4,2,1,3,0,1
64,46637,Chelsea,Sheffield United,2019-08-31,4,Home,62.3,898,719,16,15,3,2,6,0,2,2.542446763007789,5,13,2,8,0.8169813088764035,7,5,2,5,0,2,3,3,1,2,1,0
65,46637,Sheffield United,Chelsea,2019-08-31,4,Away,37.7,595,429,15,24,4,0,11,1,2,0.8169813088764035,2,8,2,13,2.542446763007789,3,3,1,2,1,0,7,5,2,5,0,2
66,46638,Crystal Palace,Aston Villa,2019-08-31,4,Home,52.8,614,407,18,21,13,2,15,2,1,2.2981576705393536,5,22,0,10,0.7149828612153257,14,9,5,8,3,3,3,3,2,2,0,1
67,46638,Aston Villa,Crystal Palace,2019-08-31,4,Away,47.2,591,379,19,30,2,0,16,4,0,0.7149828612153257,2,10,1,22,2.2981576705393536,3,3,2,2,0,1,14,9,5,8,3,3
68,46639,Everton,Wolverhampton Wanderers,2019-09-01,4,Home,58.7,687,451,24,37,7,1,12,1,3,4.4062768317995715,6,15,2,8,5.487286311661945,11,6,7,10,0,1,3,5,2,2,1,0
69,46639,Wolverhampton Wanderers,Everton,2019-09-01,4,Away,41.3,522,320,19,22,7,2,12,4,2,5.487286311661945,5,8,3,15,4.4062768317995715,3,5,2,2,1,0,11,6,7,10,0,1
70,46640,Leicester City,Bournemouth,2019-08-31,4,Home,55.0,751,541,22,25,4,2,9,1,3,2.980093566594795,6,15,1,8,0.7429140183599574,6,9,1,4,2,1,3,2,0,1,1,1
71,46640,Bournemouth,Leicester City,2019-08-31,4,Away,45.0,647,432,14,18,5,1,11,3,1,0.7429140183599574,2,8,3,15,2.980093566594795,3,2,0,1,1,1,6,9,1,4,2,1
72,46641,Manchester City,Brighton and Hove Albion,2019-08-31,4,Home,53.5,755,598,15,19,8,1,10,1,4,4.737049862759323,6,15,0,6,1.1690466129534869,8,8,0,4,3,3,4,1,1,2,2,1
73,46641,Brighton and Hove Albion,Manchester City,2019-08-31,4,Away,46.5,678,523,18,14,1,3,6,1,0,1.1690466129534869,2,6,4,15,4.737049862759323,4,1,1,2,2,1,8,8,0,4,3,3
74,46642,Newcastle United,Watford,2019-08-31,4,Home,48.8,651,468,11,14,6,6,5,2,1,1.7086294035030936,5,13,1,13,1.7428844674833792,7,6,2,6,1,1,8,3,2,6,1,1
75,46642,Watford,Newcastle United,2019-08-31,4,Away,51.2,682,498,14,24,5,0,11,3,1,1.7428844674833792,3,13,1,13,1.7086294035030936,8,3,2,6,1,1,7,6,2,6,1,1
76,46643,Southampton,Manchester United,2019-08-31,4,Home,41.4,598,375,25,25,2,0,17,1,1,2.6295959007483667,2,10,1,21,6.002886674448657,4,4,2,2,1,1,13,10,2,5,7,1
77,46643,Manchester United,Southampton,2019-08-31,4,Away,58.6,771,537,19,16,3,1,7,2,1,6.002886674448657,8,21,1,10,2.6295959007483667,13,10,2,5,7,1,4,4,2,2,1,1
78,46644,West Ham United,Norwich City,2019-08-31,4,Home,48.6,662,474,29,9,8,2,16,2,2,6.554616678568473,8,18,0,8,2.7753876400709707,13,9,4,7,1,5,3,5,2,2,0,1
79,46644,Norwich City,West Ham United,2019-08-31,4,Away,51.4,710,500,14,15,2,3,10,1,0,2.7753876400709707,3,8,2,18,6.554616678568473,3,5,2,2,0,1,13,9,4,7,1,5
80,46645,Aston Villa,West Ham United,2019-09-16,5,Home,46.6,604,408,19,14,2,3,13,2,0,3.3434007321846786,5,10,0,13,1.657864374030226,4,8,2,4,0,0,6,2,2,3,1,2
81,46645,West Ham United,Aston Villa,2019-09-16,5,Away,53.4,678,470,21,15,4,3,12,1,0,1.657864374030226,1,13,0,10,3.3434007321846786,6,2,2,3,1,2,4,8,2,4,0,0
82,46646,Bournemouth,Everton,2019-09-15,5,Home,40.5,547,336,18,37,7,4,5,0,3,5.538989308058494,6,13,1,14,5.070954996124151,7,7,3,6,1,0,7,7,3,4,2,1
83,46646,Everton,Bournemouth,2019-09-15,5,Away,59.5,684,488,18,10,7,0,14,4,1,5.070954996124151,5,14,3,13,5.538989308058494,7,7,3,4,2,1,7,7,3,6,1,0
84,46647,Brighton and Hove Albion,Burnley,2019-09-14,5,Home,62.5,693,491,21,20,3,2,13,0,1,4.134069886172591,5,14,1,7,1.6482287226919772,10,8,3,4,4,2,5,2,0,3,0,2
85,46647,Burnley,Brighton and Hove Albion,2019-09-14,5,Away,37.5,500,284,17,24,6,2,7,2,1,1.6482287226919772,1,7,1,14,4.134069886172591,5,2,0,3,0,2,10,8,3,4,4,2
86,46648,Liverpool,Newcastle United,2019-09-14,5,Home,75.3,1023,847,13,8,10,2,5,0,3,3.508580147719395,9,21,1,8,0.9572947510084956,15,11,8,10,6,1,4,2,1,2,1,1
87,46648,Newcastle United,Liverpool,2019-09-14,5,Away,24.7,470,282,20,33,1,8,4,0,1,0.9572947510084956,1,8,3,21,3.508580147719395,4,2,1,2,1,1,15,11,8,10,6,1
88,46649,Manchester United,Leicester City,2019-09-14,5,Home,41.7,566,345,19,30,3,0,14,1,1,4.405912239237607,5,10,0,9,1.9268618272378795,3,6,2,2,1,1,3,5,0,1,0,2
89,46649,Leicester City,Manchester United,2019-09-14,5,Away,58.3,686,471,30,11,9,2,14,2,0,1.9268618272378795,3,9,1,10,4.405912239237607,3,5,0,1,0,2,3,6,2,2,1,1
90,46650,Norwich City,Manchester City,2019-09-14,5,Home,31.4,524,318,16,50,3,1,8,3,3,1.6379605107005089,3,7,2,25,3.3387616105878983,5,5,2,3,2,0,18,11,11,13,3,2
91,46650,Manchester City,Norwich City,2019-09-14,5,Away,68.6,876,671,15,7,16,0,7,1,2,3.3387616105878983,8,25,3,7,1.6379605107005089,18,11,11,13,3,2,5,5,2,3,2,0
92,46651,Sheffield United,Southampton,2019-09-14,5,Home,48.2,647,414,21,24,12,3,10,1,0,4.919501850792921,4,17,1,11,4.010140268327451,12,6,2,8,2,4,7,9,3,6,0,1
93,46651,Southampton,Sheffield United,2019-09-14,5,Away,51.8,692,467,18,28,6,1,7,1,1,4.010140268327451,7,11,0,17,4.919501850792921,7,9,3,6,0,1,12,6,2,8,2,4
94,46652,Tottenham Hotspur,Crystal Palace,2019-09-14,5,Home,64.1,830,640,11,13,4,1,19,4,4,2.0884271733465685,5,13,0,11,2.207067325938144,6,8,1,3,2,2,9,7,3,8,1,0
95,46652,Crystal Palace,Tottenham Hotspur,2019-09-14,5,Away,35.9,537,357,15,15,3,0,11,3,0,2.207067325938144,6,11,4,13,2.0884271733465685,9,7,3,8,1,0,6,8,1,3,2,2
96,46653,Watford,Arsenal,2019-09-15,5,Home,52.4,679,499,17,15,7,1,14,3,2,4.753580143801042,10,31,2,7,1.6273732514488286,15,12,1,12,4,1,5,5,0,4,0,1
97,46653,Arsenal,Watford,2019-09-15,5,Away,47.6,625,466,13,16,1,0,4,3,2,1.6273732514488286,4,7,2,31,4.753580143801042,5,5,0,4,0,1,15,12,1,12,4,1
98,46654,Wolverhampton Wanderers,Chelsea,2019-09-14,5,Home,45.3,648,449,17,12,7,1,8,1,2,3.9376909279508774,4,11,5,15,5.967186591683044,5,6,2,2,2,2,13,10,3,8,2,3
99,46654,Chelsea,Wolverhampton Wanderers,2019-09-14,5,Away,54.7,781,555,20,28,5,1,11,2,5,5.967186591683044,6,15,2,11,3.9376909279508774,13,10,3,8,2,3,5,6,2,2,2,2
100,46655,Arsenal,Aston Villa,2019-09-22,6,Home,58.1,662,465,12,20,9,2,13,5,3,3.9680348851387737,6,21,2,14,2.387714872897774,13,7,2,8,0,5,8,11,1,4,1,3
101,46655,Aston Villa,Arsenal,2019-09-22,6,Away,41.9,521,326,20,21,4,0,15,1,2,2.387714872897774,9,14,3,21,3.9680348851387737,8,11,1,4,1,3,13,7,2,8,0,5
102,46656,Burnley,Norwich City,2019-09-21,6,Home,41.4,550,357,14,15,7,2,11,0,2,2.9086371867028245,6,13,0,11,0.8178882659852814,6,6,4,5,1,0,5,6,2,2,3,0
103,46656,Norwich City,Burnley,2019-09-21,6,Away,58.6,714,528,19,19,3,0,10,1,0,0.8178882659852814,2,11,2,13,2.9086371867028245,5,6,2,2,3,0,6,6,4,5,1,0
104,46657,Chelsea,Liverpool,2019-09-22,6,Home,55.0,713,492,15,10,6,7,8,3,1,1.4345508593376337,2,13,2,6,1.3569024155915375,7,5,3,7,0,0,3,3,2,2,0,1
105,46657,Liverpool,Chelsea,2019-09-22,6,Away,45.0,608,415,11,37,4,1,13,3,2,1.3569024155915375,3,6,1,13,1.4345508593376337,3,3,2,2,0,1,7,5,3,7,0,0
106,46658,Crystal Palace,Wolverhampton Wanderers,2019-09-22,6,Home,49.9,692,456,24,18,6,1,7,2,1,3.1685138861559,4,13,1,13,5.400871750313126,6,5,1,4,2,1,5,5,2,3,1,1
107,46658,Wolverhampton Wanderers,Crystal Palace,2019-09-22,6,Away,50.1,661,442,31,17,7,0,10,1,1,5.400871750313126,4,13,1,13,3.1685138861559,5,5,2,3,1,1,6,5,1,4,2,1
108,46659,Everton,Sheffield United,2019-09-21,6,Home,69.8,741,520,10,11,12,1,9,1,0,1.5069174391241025,3,16,2,2,0.2954328314997105,8,4,2,3,1,4,2,1,1,1,0,1
109,46659,Sheffield United,Everton,2019-09-21,6,Away,30.2,442,227,15,63,3,1,9,3,2,0.2954328314997105,1,2,0,16,1.5069174391241025,2,1,1,1,0,1,8,4,2,3,1,4
110,46660,Leicester City,Tottenham Hotspur,2019-09-21,6,Home,44.2,599,380,23,24,8,3,16,1,2,4.706288167940835,7,16,1,11,3.6876996425436164,9,11,1,5,3,2,8,4,0,3,1,5
111,46660,Tottenham Hotspur,Leicester City,2019-09-21,6,Away,55.8,704,491,18,23,2,3,13,2,1,3.6876996425436164,4,11,2,16,4.706288167940835,8,4,0,3,1,5,9,11,1,5,3,2
112,46661,Manchester City,Watford,2019-09-21,6,Home,68.7,909,727,18,5,5,2,5,2,8,7.165770628641572,11,28,0,5,0.7678754836941033,15,18,5,10,3,3,3,4,1,0,3,1
113,46661,Watford,Manchester City,2019-09-21,6,Away,31.3,486,336,12,20,4,2,9,2,0,0.7678754836941033,4,5,8,28,7.165770628641572,3,4,1,0,3,1,15,18,5,10,3,3
114,46662,Newcastle United,Brighton and Hove Albion,2019-09-21,6,Home,28.7,467,280,18,22,5,0,12,2,0,3.07992243473665,4,11,0,16,3.0207336169945136,7,6,2,5,1,1,8,3,1,5,3,1
115,46662,Brighton and Hove Albion,Newcastle United,2019-09-21,6,Away,71.3,922,718,14,14,3,3,8,1,0,3.0207336169945136,3,16,0,11,3.07992243473665,8,3,1,5,3,1,7,6,2,5,1,1
116,46663,Southampton,Bournemouth,2019-09-20,6,Home,64.8,783,554,30,13,4,1,8,1,1,6.775559852857478,6,25,3,6,2.299489382167859,12,6,3,9,2,1,3,4,1,3,0,0
117,46663,Bournemouth,Southampton,2019-09-20,6,Away,35.2,519,300,8,25,5,2,9,3,3,2.299489382167859,3,6,1,25,6.775559852857478,3,4,1,3,0,0,12,6,3,9,2,1
118,46664,West Ham United,Manchester United,2019-09-22,6,Home,46.5,604,424,16,18,3,2,8,2,2,3.73631579628135,6,8,0,9,2.7915069891330857,2,6,0,2,0,1,3,5,0,2,1,1
119,46664,Manchester United,West Ham United,2019-09-22,6,Away,53.5,661,479,13,18,7,1,9,2,0,2.7915069891330857,3,9,2,8,3.73631579628135,3,5,0,2,1,1,2,6,0,2,0,1
120,46665,Aston Villa,Burnley,2019-09-28,7,Home,60.2,610,416,14,13,7,2,10,1,2,1.4663991341567517,3,16,2,10,1.9439644712018445,6,7,2,4,1,1,6,6,5,4,2,0
121,46665,Burnley,Aston Villa,2019-09-28,7,Away,39.8,438,281,13,16,3,0,16,4,2,1.9439644712018445,3,10,2,16,1.4663991341567517,6,6,5,4,2,0,6,7,2,4,1,1
122,46666,Bournemouth,West Ham United,2019-09-28,7,Home,49.1,672,456,8,21,6,2,7,3,2,3.063712592046287,5,13,2,17,3.050665984894566,9,6,5,8,0,1,11,8,2,7,2,2
123,46666,West Ham United,Bournemouth,2019-09-28,7,Away,50.9,653,478,23,16,6,2,8,1,2,3.050665984894566,6,17,2,13,3.063712592046287,11,8,2,7,2,2,9,6,5,8,0,1
124,46667,Chelsea,Brighton and Hove Albion,2019-09-28,7,Home,52.6,760,568,18,15,5,1,5,2,2,9.373359232504272,10,24,0,8,2.1665709835808573,12,11,0,6,4,4,3,3,2,1,2,0
125,46667,Brighton and Hove Albion,Chelsea,2019-09-28,7,Away,47.4,704,502,21,25,2,2,13,3,0,2.1665709835808573,1,8,2,24,9.373359232504272,3,3,2,1,2,0,12,11,0,6,4,4
126,46668,Crystal Palace,Norwich City,2019-09-28,7,Home,44.6,620,415,18,13,5,2,14,3,2,2.421063127210447,3,15,0,10,1.3719434591990662,11,4,3,7,1,3,7,3,1,3,2,2
127,46668,Norwich City,Crystal Palace,2019-09-28,7,Away,55.4,726,524,17,22,5,1,10,1,0,1.3719434591990662,3,10,2,15,2.421063127210447,7,3,1,3,2,2,11,4,3,7,1,3
128,46669,Everton,Manchester City,2019-09-28,7,Home,37.2,540,358,19,8,5,2,4,2,1,3.1635067399126644,8,12,3,19,3.6646411337899587,8,8,6,6,1,1,8,11,3,6,1,4
129,46669,Manchester City,Everton,2019-09-28,7,Away,62.8,813,619,15,19,2,5,8,2,3,3.6646411337899587,8,19,1,12,3.1635067399126644,8,11,3,6,1,4,8,8,6,6,1,1
130,46670,Leicester City,Newcastle United,2019-09-29,7,Home,68.9,918,724,24,8,9,0,12,1,5,4.395432390363354,5,13,0,3,0.890823440738647,7,7,3,4,2,2,1,0,0,0,1,1
131,46670,Newcastle United,Leicester City,2019-09-29,7,Away,31.1,520,328,17,24,0,1,9,1,0,0.890823440738647,0,3,5,13,4.395432390363354,1,0,0,0,1,1,7,7,3,4,2,2
132,46671,Manchester United,Arsenal,2019-09-30,7,Home,54.8,631,440,15,7,8,2,18,4,1,1.4171233132487868,4,16,1,10,2.140976538651982,3,6,1,1,1,1,6,5,0,6,0,1
133,46671,Arsenal,Manchester United,2019-09-30,7,Away,45.2,563,364,19,14,7,4,13,2,1,2.140976538651982,5,10,1,16,1.4171233132487868,6,5,0,6,0,1,3,6,1,1,1,1
134,46672,Sheffield United,Liverpool,2019-09-28,7,Home,29.6,479,291,11,29,6,0,8,1,0,1.4387876647335536,2,12,1,16,1.9640348548723399,10,5,5,6,1,3,8,7,0,4,2,2
135,46672,Liverpool,Sheffield United,2019-09-28,7,Away,70.4,896,708,11,25,5,1,4,1,1,1.9640348548723399,4,16,0,12,1.4387876647335536,8,7,0,4,2,2,10,5,5,6,1,3
136,46673,Tottenham Hotspur,Southampton,2019-09-28,7,Home,41.4,579,369,23,28,6,1,5,0,2,3.8750538115144564,4,9,1,14,4.312504076651602,6,4,1,4,2,0,7,6,2,4,3,0
137,46673,Southampton,Tottenham Hotspur,2019-09-28,7,Away,58.6,717,518,24,12,6,1,16,2,1,4.312504076651602,6,14,2,9,3.8750538115144564,7,6,2,4,3,0,6,4,1,4,2,0
138,46674,Wolverhampton Wanderers,Watford,2019-09-28,7,Home,39.1,575,404,21,27,1,2,5,0,2,3.479206826965921,2,6,0,14,3.955545599791804,5,5,1,2,2,1,7,7,2,2,4,3
139,46674,Watford,Wolverhampton Wanderers,2019-09-28,7,Away,60.9,801,628,15,7,6,1,6,1,0,3.955545599791804,5,14,2,6,3.479206826965921,7,7,2,2,4,3,5,5,1,2,2,1
140,46675,Arsenal,Bournemouth,2019-10-06,8,Home,52.5,653,443,23,17,14,0,12,1,1,3.171465155518899,2,12,0,10,1.132454404884152,8,5,2,2,4,2,4,5,3,3,1,1
141,46675,Bournemouth,Arsenal,2019-10-06,8,Away,47.5,643,403,14,31,5,0,6,2,0,1.132454404884152,2,10,1,12,3.171465155518899,4,5,3,3,1,1,8,5,2,2,4,2
142,46676,Brighton and Hove Albion,Tottenham Hotspur,2019-10-05,8,Home,47.7,713,494,22,19,4,1,11,2,3,6.475373892769861,6,17,0,8,2.2005210597714586,8,7,2,5,2,2,3,3,0,3,0,0
143,46676,Tottenham Hotspur,Brighton and Hove Albion,2019-10-05,8,Away,52.3,750,547,23,15,4,1,7,1,0,2.2005210597714586,3,8,3,17,6.475373892769861,3,3,0,3,0,0,8,7,2,5,2,2
144,46677,Burnley,Everton,2019-10-05,8,Home,40.8,514,327,15,22,7,5,5,2,1,1.6010691016907108,3,9,0,11,1.5567461714830335,6,4,1,4,1,2,8,4,2,4,1,3
145,46677,Everton,Burnley,2019-10-05,8,Away,59.2,636,471,9,15,9,1,12,1,0,1.5567461714830335,2,11,1,9,1.6010691016907108,8,4,2,4,1,3,6,4,1,4,1,2
146,46678,Liverpool,Leicester City,2019-10-05,8,Home,50.7,733,494,19,25,4,3,9,1,2,9.18081807199081,8,18,1,2,0.889336006537314,11,10,2,8,1,2,1,2,0,1,0,0
147,46678,Leicester City,Liverpool,2019-10-05,8,Away,49.3,681,478,16,27,6,2,17,4,1,0.889336006537314,1,2,2,18,9.18081807199081,1,2,0,1,0,0,11,10,2,8,1,2
148,46679,Manchester City,Wolverhampton Wanderers,2019-10-06,8,Home,76.0,917,714,14,5,9,1,11,5,0,3.6425660251844567,2,18,2,7,1.8037238909623559,9,5,1,7,2,0,4,2,1,3,1,0
149,46679,Wolverhampton Wanderers,Manchester City,2019-10-06,8,Away,24.0,423,230,18,43,1,2,14,2,2,1.8037238909623559,2,7,0,18,3.6425660251844567,4,2,1,3,1,0,9,5,1,7,2,0
150,46680,Newcastle United,Manchester United,2019-10-06,8,Home,31.9,450,281,12,17,4,1,12,3,1,0.8304340668833208,2,12,0,12,1.3257047015643244,4,3,2,3,1,0,6,4,5,5,0,1
151,46680,Manchester United,Newcastle United,2019-10-06,8,Away,68.1,757,594,11,7,6,2,10,3,0,1.3257047015643244,3,12,1,12,0.8304340668833208,6,4,5,5,0,1,4,3,2,3,1,0
152,46681,Norwich City,Aston Villa,2019-10-05,8,Home,57.6,698,472,20,20,10,0,14,1,1,3.8440285605259796,5,21,5,22,4.854232194281595,12,7,1,8,2,2,8,16,3,5,0,3
153,46681,Aston Villa,Norwich City,2019-10-05,8,Away,42.4,570,345,16,34,6,1,17,3,5,4.854232194281595,12,22,1,21,3.8440285605259796,8,16,3,5,0,3,12,7,1,8,2,2
154,46682,Southampton,Chelsea,2019-10-06,8,Home,43.3,585,400,23,12,3,1,8,0,1,2.6724143523819643,3,10,4,13,3.740795473633667,4,4,1,3,1,1,7,7,1,3,3,1
155,46682,Chelsea,Southampton,2019-10-06,8,Away,56.7,715,528,19,19,4,0,15,1,4,3.740795473633667,7,13,1,10,2.6724143523819643,7,7,1,3,3,1,4,4,1,3,1,1
156,46683,Watford,Sheffield United,2019-10-05,8,Home,39.5,542,360,17,34,7,2,7,0,0,1.3383728012227682,2,8,0,9,1.3697921113026983,4,3,3,4,0,0,5,3,2,5,0,0
157,46683,Sheffield United,Watford,2019-10-05,8,Away,60.5,760,554,15,27,7,3,6,2,0,1.3697921113026983,3,9,0,8,1.3383728012227682,5,3,2,5,0,0,4,3,3,4,0,0
158,46684,West Ham United,Crystal Palace,2019-10-05,8,Home,51.7,678,519,19,14,2,2,11,3,1,4.225665026005196,4,9,2,7,4.583542343669798,8,5,2,7,1,0,2,3,1,0,2,0
159,46684,Crystal Palace,West Ham United,2019-10-05,8,Away,48.3,668,489,10,18,2,4,7,2,2,4.583542343669798,4,7,1,9,4.225665026005196,2,3,1,0,2,0,8,5,2,7,1,0
160,46685,Aston Villa,Brighton and Hove Albion,2019-10-19,9,Home,48.9,651,441,6,16,7,1,9,1,2,6.784882052076598,8,24,1,20,5.449005702779231,13,11,3,9,6,0,10,8,2,6,4,2
161,46685,Brighton and Hove Albion,Aston Villa,2019-10-19,9,Away,51.1,659,475,11,28,5,0,17,2,1,5.449005702779231,5,20,2,24,6.784882052076598,10,8,2,6,4,2,13,11,3,9,6,0
162,46686,Bournemouth,Norwich City,2019-10-19,9,Home,47.7,618,407,16,23,6,2,8,1,0,2.452737738286894,2,11,0,10,1.2936112422817423,5,3,1,3,2,0,3,3,2,3,0,0
163,46686,Norwich City,Bournemouth,2019-10-19,9,Away,52.3,663,469,14,33,7,2,11,3,0,1.2936112422817423,1,10,0,11,2.452737738286894,3,3,2,3,0,0,5,3,1,3,2,0
164,46687,Chelsea,Newcastle United,2019-10-19,9,Home,71.1,851,634,23,16,11,1,9,2,1,2.722321499117678,8,16,0,5,0.2692791071079974,14,8,5,10,3,2,3,2,2,2,1,0
165,46687,Newcastle United,Chelsea,2019-10-19,9,Away,28.9,441,258,12,31,0,1,12,1,0,0.2692791071079974,0,5,1,16,2.722321499117678,3,2,2,2,1,0,14,8,5,10,3,2
166,46688,Crystal Palace,Manchester City,2019-10-19,9,Home,28.7,469,276,13,26,1,3,8,1,0,1.0556942017524586,2,7,2,21,3.62357274640831,5,2,2,3,1,1,15,13,7,9,5,2
167,46688,Manchester City,Crystal Palace,2019-10-19,9,Away,71.3,868,682,11,13,8,2,10,1,2,3.62357274640831,10,21,0,7,1.0556942017524586,15,13,7,9,5,2,5,2,2,3,1,1
168,46689,Everton,West Ham United,2019-10-19,9,Home,51.3,596,390,24,9,11,9,15,2,2,7.286479295794438,10,19,0,8,3.1837650535487683,11,14,2,7,1,3,4,6,2,3,0,1
169,46689,West Ham United,Everton,2019-10-19,9,Away,48.7,592,384,13,26,2,4,15,2,0,3.1837650535487683,4,8,2,19,7.286479295794438,4,6,2,3,0,1,11,14,2,7,1,3
170,46690,Leicester City,Burnley,2019-10-19,9,Home,64.5,770,556,22,20,9,2,4,0,2,3.783475469728628,3,19,1,13,3.5896581602539412,9,5,4,7,3,0,8,5,2,6,1,1
171,46690,Burnley,Leicester City,2019-10-19,9,Away,35.5,504,303,15,22,4,3,10,3,1,3.5896581602539412,4,13,2,19,3.783475469728628,8,5,2,6,1,1,9,5,4,7,3,0
172,46691,Manchester United,Liverpool,2019-10-20,9,Home,32.0,509,299,10,29,3,4,6,0,1,0.8066943990378787,2,7,1,10,1.8846613984611704,3,3,0,1,1,1,4,5,1,3,1,1
173,46691,Liverpool,Manchester United,2019-10-20,9,Away,68.0,842,652,18,17,1,1,14,1,1,1.8846613984611704,4,10,1,7,0.8066943990378787,4,5,1,3,1,1,3,3,0,1,1,1
174,46692,Sheffield United,Arsenal,2019-10-21,9,Home,31.4,492,287,21,25,7,1,10,4,1,1.213932812301651,2,8,0,9,0.9957230652272122,4,5,2,2,1,1,5,5,2,3,1,1
175,46692,Arsenal,Sheffield United,2019-10-21,9,Away,68.6,835,633,17,12,12,1,12,4,0,0.9957230652272122,3,9,1,8,1.213932812301651,5,5,2,3,1,1,4,5,2,2,1,1
176,46693,Tottenham Hotspur,Watford,2019-10-19,9,Home,69.4,908,686,11,6,11,5,5,4,1,1.2879234500355825,2,12,1,7,1.5661376273226169,7,3,2,4,1,2,4,2,0,3,2,0
177,46693,Watford,Tottenham Hotspur,2019-10-19,9,Away,30.6,503,313,20,52,2,1,9,3,1,1.5661376273226169,2,7,1,12,1.2879234500355825,4,2,0,3,2,0,7,3,2,4,1,2
178,46694,Wolverhampton Wanderers,Southampton,2019-10-19,9,Home,57.0,688,511,11,10,1,1,10,3,1,0.9197777037822881,1,4,1,14,2.1711465215180628,1,2,0,0,1,0,9,7,2,6,5,1
179,46694,Southampton,Wolverhampton Wanderers,2019-10-19,9,Away,43.0,559,385,9,19,3,2,17,2,1,2.1711465215180628,5,14,1,4,0.9197777037822881,9,7,2,6,5,1,1,2,0,0,1,0
180,46695,Arsenal,Crystal Palace,2019-10-27,10,Home,56.2,639,444,21,18,12,1,18,2,2,2.953241108391928,6,15,2,10,2.611136685286737,8,9,3,7,1,1,7,4,3,5,2,1
181,46695,Crystal Palace,Arsenal,2019-10-27,10,Away,43.8,554,345,14,26,5,1,9,0,2,2.611136685286737,4,10,2,15,2.953241108391928,7,4,3,5,2,1,8,9,3,7,1,1
182,46696,Brighton and Hove Albion,Everton,2019-10-26,10,Home,55.5,720,533,18,8,0,3,12,2,3,4.13308671864608,4,8,2,10,3.010116999803001,4,5,1,2,2,0,7,6,2,3,3,1
183,46696,Everton,Brighton and Hove Albion,2019-10-26,10,Away,44.5,613,425,17,14,5,2,12,1,2,3.010116999803001,6,10,3,8,4.13308671864608,7,6,2,3,3,1,4,5,1,2,2,0
184,46697,Burnley,Chelsea,2019-10-26,10,Home,36.7,577,390,16,16,5,1,7,3,2,2.3519555109890686,5,13,4,16,2.5858107033094866,8,7,3,5,1,2,8,8,1,2,3,3
185,46697,Chelsea,Burnley,2019-10-26,10,Away,63.3,882,691,13,20,6,0,8,2,4,2.5858107033094866,7,16,2,13,2.3519555109890686,8,8,1,2,3,3,8,7,3,5,1,2
186,46698,Liverpool,Tottenham Hotspur,2019-10-27,10,Home,68.0,836,631,20,8,8,0,9,3,2,4.201979370915159,13,21,1,11,1.7377112610333016,13,13,6,7,0,7,7,6,3,2,4,2
187,46698,Tottenham Hotspur,Liverpool,2019-10-27,10,Away,32.0,523,298,16,35,3,4,11,3,1,1.7377112610333016,4,11,2,21,4.201979370915159,7,6,3,2,4,2,13,13,6,7,0,7
188,46699,Manchester City,Aston Villa,2019-10-26,10,Home,63.1,794,597,13,18,13,1,10,1,3,4.571842736774827,10,26,0,11,2.0491946160691095,20,12,3,15,5,2,8,5,1,7,0,1
189,46699,Aston Villa,Manchester City,2019-10-26,10,Away,36.9,537,341,10,27,7,2,5,1,0,2.0491946160691095,5,11,3,26,4.571842736774827,8,5,1,7,0,1,20,12,3,15,5,2
190,46700,Newcastle United,Wolverhampton Wanderers,2019-10-27,10,Home,43.1,595,405,13,28,3,1,8,2,1,3.352065606260441,2,13,1,13,4.392903492508177,7,5,4,4,1,2,8,6,4,6,1,1
191,46700,Wolverhampton Wanderers,Newcastle United,2019-10-27,10,Away,56.9,720,533,18,17,6,1,16,2,1,4.392903492508177,5,13,1,13,3.352065606260441,8,6,4,6,1,1,7,5,4,4,1,2
192,46701,Norwich City,Manchester United,2019-10-27,10,Home,46.1,619,417,26,16,1,1,13,2,1,1.5456291059475915,3,10,3,21,5.221206206096382,6,5,0,2,2,2,9,13,3,7,2,1
193,46701,Manchester United,Norwich City,2019-10-27,10,Away,53.9,692,480,24,13,10,0,10,2,3,5.221206206096382,11,21,1,10,1.5456291059475915,9,13,3,7,2,1,6,5,0,2,2,2
194,46702,Southampton,Leicester City,2019-10-25,10,Home,27.4,483,272,20,18,2,1,3,0,0,2.3435703946322324,3,6,9,25,14.73578244458392,3,3,0,3,0,0,12,17,1,9,1,3
195,46702,Leicester City,Southampton,2019-10-25,10,Away,72.6,925,709,26,8,7,0,12,0,9,14.73578244458392,15,25,0,6,2.3435703946322324,12,17,1,9,1,3,3,3,0,3,0,0
196,46703,Watford,Bournemouth,2019-10-26,10,Home,40.2,545,337,20,23,5,5,14,5,0,2.0608966267718687,3,7,0,15,2.994699127750402,3,3,0,3,0,0,6,7,2,3,2,1
197,46703,Bournemouth,Watford,2019-10-26,10,Away,59.8,713,501,16,21,10,3,8,3,0,2.994699127750402,5,15,0,7,2.0608966267718687,6,7,2,3,2,1,3,3,0,3,0,0
198,46704,West Ham United,Sheffield United,2019-10-26,10,Home,60.8,724,545,12,8,10,4,7,2,1,4.507536103890323,4,12,1,10,3.7293063685273977,9,6,2,6,1,2,8,5,2,4,2,2
199,46704,Sheffield United,West Ham United,2019-10-26,10,Away,39.2,551,357,11,27,4,4,10,2,1,3.7293063685273977,4,10,1,12,4.507536103890323,8,5,2,4,2,2,9,6,2,6,1,2
200,46706,Aston Villa,Liverpool,2019-11-02,11,Home,26.3,447,226,20,47,2,3,12,1,1,0.9226054272851183,2,4,2,25,2.9716213547795496,2,2,0,1,0,3,17,10,7,10,5,3
201,46706,Liverpool,Aston Villa,2019-11-02,11,Away,73.7,860,634,17,21,10,2,9,2,2,2.9716213547795496,6,25,1,4,0.9226054272851183,17,10,7,10,5,3,2,2,0,1,0,3
202,46707,Bournemouth,Manchester United,2019-11-02,11,Home,42.6,581,366,13,33,4,1,14,4,1,5.97932098184263,6,13,0,15,2.5889567185689817,8,7,0,5,3,0,5,6,1,2,1,2
203,46707,Manchester United,Bournemouth,2019-11-02,11,Away,57.4,700,488,18,11,10,4,12,3,0,2.5889567185689817,4,15,1,13,5.97932098184263,5,6,1,2,1,2,8,7,0,5,3,0
204,46708,Brighton and Hove Albion,Norwich City,2019-11-02,11,Home,58.5,733,538,19,5,8,3,11,0,2,7.66798538572291,5,21,0,7,1.1594613167790895,14,10,1,9,3,2,4,2,1,3,2,0
205,46708,Norwich City,Brighton and Hove Albion,2019-11-02,11,Away,41.5,572,391,13,19,3,1,8,1,0,1.1594613167790895,0,7,2,21,7.66798538572291,4,2,1,3,2,0,14,10,1,9,3,2
206,46709,Crystal Palace,Leicester City,2019-11-03,11,Home,44.2,548,334,19,12,5,2,15,2,0,1.8919195789653482,3,12,2,14,4.489774537611474,4,4,2,4,0,0,9,8,7,8,2,0
207,46709,Leicester City,Crystal Palace,2019-11-03,11,Away,55.8,634,431,22,24,6,1,16,2,2,4.489774537611474,5,14,0,12,1.8919195789653482,9,8,7,8,2,0,4,4,2,4,0,0
208,46710,Everton,Tottenham Hotspur,2019-11-03,11,Home,47.3,567,375,26,8,5,1,9,1,1,1.1361679650843015,3,7,1,5,0.6658709582992316,5,2,2,3,2,0,2,2,2,1,0,2
209,46710,Tottenham Hotspur,Everton,2019-11-03,11,Away,52.7,651,443,15,24,2,2,8,2,1,0.6658709582992316,2,5,1,7,1.1361679650843015,2,2,2,1,0,2,5,2,2,3,2,0
210,46711,Manchester City,Southampton,2019-11-02,11,Home,75.3,885,639,9,5,17,3,11,3,2,8.589650361561704,4,26,1,3,1.7470641373080398,17,6,4,15,0,2,0,3,0,0,0,0
211,46711,Southampton,Manchester City,2019-11-02,11,Away,24.7,461,225,20,76,0,0,10,1,1,1.7470641373080398,3,3,2,26,8.589650361561704,0,3,0,0,0,0,17,6,4,15,0,2
212,46712,Sheffield United,Burnley,2019-11-02,11,Home,45.6,563,384,17,23,7,1,8,1,3,2.784166129155749,6,13,0,6,0.4860197883276952,12,7,1,6,2,4,4,2,2,4,1,0
213,46712,Burnley,Sheffield United,2019-11-02,11,Away,54.4,627,460,5,17,6,0,12,2,0,0.4860197883276952,0,6,3,13,2.784166129155749,4,2,2,4,1,0,12,7,1,6,2,4
214,46713,Watford,Chelsea,2019-11-02,11,Home,32.8,555,373,16,20,1,0,8,4,1,2.0417175132813576,3,12,2,16,4.008314052432531,7,4,4,6,0,1,9,10,1,7,3,1
215,46713,Chelsea,Watford,2019-11-02,11,Away,67.2,991,793,16,17,6,0,5,2,2,4.008314052432531,10,16,1,12,2.0417175132813576,9,10,1,7,3,1,7,4,4,6,0,1
216,46714,West Ham United,Newcastle United,2019-11-02,11,Home,69.5,788,583,13,12,7,1,10,2,2,6.304950020717211,6,16,3,12,5.551191230996612,11,8,6,8,2,1,6,10,2,5,1,1
217,46714,Newcastle United,West Ham United,2019-11-02,11,Away,30.5,454,262,18,40,3,4,7,1,3,5.551191230996612,9,12,2,16,6.304950020717211,6,10,2,5,1,1,11,8,6,8,2,1
218,46715,Burnley,West Ham United,2019-11-09,12,Home,40.0,496,299,7,21,11,7,17,2,3,7.092415957999435,12,14,0,7,1.933134463028167,6,13,2,4,2,1,2,5,0,1,1,1
219,46715,West Ham United,Burnley,2019-11-09,12,Away,60.0,633,459,14,21,4,1,10,1,0,1.933134463028167,4,7,3,14,7.092415957999435,2,5,0,1,1,1,6,13,2,4,2,1
220,46716,Chelsea,Crystal Palace,2019-11-09,12,Home,60.6,774,572,19,9,7,0,9,3,2,2.818217132900034,5,23,0,3,0.2257521599510666,9,8,2,5,3,2,4,2,2,1,1,2
221,46716,Crystal Palace,Chelsea,2019-11-09,12,Away,39.4,559,377,19,21,0,0,17,2,0,0.2257521599510666,1,3,2,23,2.818217132900034,4,2,2,1,1,2,9,8,2,5,3,2
222,46717,Leicester City,Arsenal,2019-11-09,12,Home,50.2,690,486,19,19,5,1,10,1,2,4.761832273280637,7,19,0,8,2.4108882663214275,9,9,1,4,3,2,5,2,0,5,0,0
223,46717,Arsenal,Leicester City,2019-11-09,12,Away,49.8,673,478,18,15,4,2,10,1,0,2.4108882663214275,1,8,2,19,4.761832273280637,5,2,0,5,0,0,9,9,1,4,3,2
224,46718,Liverpool,Manchester City,2019-11-10,12,Home,45.0,609,416,13,27,4,3,10,0,3,1.8589287155049852,5,12,1,18,2.2478109701364404,9,7,3,4,3,2,11,5,3,6,4,1
225,46718,Manchester City,Liverpool,2019-11-10,12,Away,55.0,717,507,15,24,13,5,5,2,1,2.2478109701364404,3,18,3,12,1.8589287155049852,11,5,3,6,4,1,9,7,3,4,3,2
226,46719,Manchester United,Brighton and Hove Albion,2019-11-10,12,Home,42.7,577,358,24,11,5,0,10,2,3,9.345205566763056,11,21,1,6,2.9733460394511573,10,13,1,6,3,1,3,3,4,3,0,0
227,46719,Brighton and Hove Albion,Manchester United,2019-11-10,12,Away,57.3,707,483,28,14,2,4,14,5,1,2.9733460394511573,2,6,3,21,9.345205566763056,3,3,4,3,0,0,10,13,1,6,3,1
228,46720,Newcastle United,Bournemouth,2019-11-09,12,Home,33.9,485,279,18,31,5,4,10,2,2,8.339916900999476,9,21,1,16,4.219860761763719,10,12,3,7,4,0,7,7,3,4,0,4
229,46720,Bournemouth,Newcastle United,2019-11-09,12,Away,66.1,778,559,14,24,4,1,5,0,1,4.219860761763719,4,16,2,21,8.339916900999476,7,7,3,4,0,4,10,12,3,7,4,0
230,46721,Norwich City,Watford,2019-11-08,12,Home,65.8,832,597,18,9,10,1,7,1,0,1.5632476995211901,5,17,2,12,1.5856598010973197,6,5,1,4,2,1,7,3,1,4,2,1
231,46721,Watford,Norwich City,2019-11-08,12,Away,34.2,522,315,25,36,4,0,13,2,2,1.5856598010973197,2,12,0,17,1.5632476995211901,7,3,1,4,2,1,6,5,1,4,2,1
232,46722,Southampton,Everton,2019-11-09,12,Home,47.3,547,345,12,24,5,2,12,1,1,1.8721272155250288,3,4,2,24,5.513557232815765,0,3,0,0,1,0,16,8,7,10,4,2
233,46722,Everton,Southampton,2019-11-09,12,Away,52.7,596,377,23,20,9,0,12,1,2,5.513557232815765,5,24,1,4,1.8721272155250288,16,8,7,10,4,2,0,3,0,0,1,0
234,46723,Tottenham Hotspur,Sheffield United,2019-11-09,12,Home,61.1,806,602,19,19,4,1,6,2,1,1.8648488655072941,5,17,1,14,1.657410932681945,6,10,1,3,2,2,8,7,0,5,1,2
235,46723,Sheffield United,Tottenham Hotspur,2019-11-09,12,Away,38.9,591,378,27,23,4,6,9,2,1,1.657410932681945,4,14,1,17,1.8648488655072941,8,7,0,5,1,2,6,10,1,3,2,2
236,46724,Wolverhampton Wanderers,Aston Villa,2019-11-10,12,Home,50.1,594,385,14,28,6,0,17,4,2,5.901366683802078,5,17,1,13,2.07144234449549,11,9,1,6,3,2,4,4,2,3,0,2
237,46724,Aston Villa,Wolverhampton Wanderers,2019-11-10,12,Away,49.9,589,375,20,15,3,1,8,3,1,2.07144234449549,4,13,2,17,5.901366683802078,4,4,2,3,0,2,11,9,1,6,3,2
238,46725,Arsenal,Southampton,2019-11-23,13,Home,61.0,729,487,25,17,6,2,13,6,2,6.202545602718854,5,12,2,21,6.418842706800001,11,6,3,10,1,0,10,10,1,4,5,1
239,46725,Southampton,Arsenal,2019-11-23,13,Away,39.0,540,316,18,21,8,1,19,2,2,6.418842706800001,6,21,2,12,6.202545602718854,10,10,1,4,5,1,11,6,3,10,1,0
240,46726,Aston Villa,Newcastle United,2019-11-25,13,Home,62.0,687,490,15,19,11,1,10,1,2,4.311403651985901,8,17,0,11,1.4295490454899917,9,10,1,6,2,1,5,5,1,2,2,2
241,46726,Newcastle United,Aston Villa,2019-11-25,13,Away,38.0,505,296,15,27,6,2,9,1,0,1.4295490454899917,5,11,2,17,4.311403651985901,5,5,1,2,2,2,9,10,1,6,2,1
242,46727,Bournemouth,Wolverhampton Wanderers,2019-11-23,13,Home,46.6,608,443,9,18,5,0,10,2,1,2.2486387806089287,2,9,2,18,5.903907296568686,6,2,3,3,2,2,6,10,2,6,0,1
243,46727,Wolverhampton Wanderers,Bournemouth,2019-11-23,13,Away,53.4,689,509,11,27,9,4,12,1,2,5.903907296568686,8,18,1,9,2.2486387806089287,6,10,2,6,0,1,6,2,3,3,2,2
244,46728,Brighton and Hove Albion,Leicester City,2019-11-23,13,Home,52.6,650,458,11,11,6,2,9,2,0,0.7604776745835329,0,7,2,19,3.8844149882812813,3,1,2,3,1,0,14,11,3,7,2,6
245,46728,Leicester City,Brighton and Hove Albion,2019-11-23,13,Away,47.4,594,418,17,22,7,1,1,0,2,3.8844149882812813,9,19,0,7,0.7604776745835329,14,11,3,7,2,6,3,1,2,3,1,0
246,46729,Crystal Palace,Liverpool,2019-11-23,13,Home,40.0,544,330,14,31,9,3,8,0,1,1.8675108389768966,6,16,2,12,2.7182342426304045,12,9,1,6,4,2,7,6,2,5,0,2
247,46729,Liverpool,Crystal Palace,2019-11-23,13,Away,60.0,703,510,24,29,8,0,7,1,2,2.7182342426304045,4,12,1,16,1.8675108389768966,7,6,2,5,0,2,12,9,1,6,4,2
248,46730,Everton,Norwich City,2019-11-23,13,Home,57.3,621,401,20,14,7,0,12,3,0,1.782396158989594,7,18,2,13,2.3528256592874763,8,6,3,5,1,2,11,5,2,6,4,2
249,46730,Norwich City,Everton,2019-11-23,13,Away,42.7,538,307,18,35,7,0,11,5,2,2.3528256592874763,5,13,0,18,1.782396158989594,11,5,2,6,4,2,8,6,3,5,1,2
250,46731,Manchester City,Chelsea,2019-11-23,13,Home,46.7,728,558,15,12,8,3,5,1,2,1.319258108433155,4,15,1,11,1.4713554940439382,7,9,1,1,2,4,8,5,0,4,1,3
251,46731,Chelsea,Manchester City,2019-11-23,13,Away,53.3,821,644,15,23,2,4,9,1,1,1.4713554940439382,2,11,2,15,1.319258108433155,8,5,0,4,1,3,7,9,1,1,2,4
252,46732,Sheffield United,Manchester United,2019-11-24,13,Home,40.6,580,383,13,21,6,3,13,1,3,2.320578978395475,8,12,3,11,2.558770512741355,4,8,2,4,0,0,6,6,0,5,1,0
253,46732,Manchester United,Sheffield United,2019-11-24,13,Away,59.4,789,587,10,21,3,1,10,2,3,2.558770512741355,5,11,3,12,2.320578978395475,6,6,0,5,1,0,4,8,2,4,0,0
254,46733,Watford,Burnley,2019-11-23,13,Home,61.9,582,396,11,23,7,2,14,1,0,1.699386194869832,4,15,3,11,3.054255270092562,7,4,2,6,2,0,5,6,1,3,2,0
255,46733,Burnley,Watford,2019-11-23,13,Away,38.1,422,248,6,29,5,2,13,3,3,3.054255270092562,5,11,0,15,1.699386194869832,5,6,1,3,2,0,7,4,2,6,2,0
256,46734,West Ham United,Tottenham Hotspur,2019-11-23,13,Home,47.1,612,407,18,13,3,4,12,3,2,3.558107549346449,4,11,3,15,4.569899605214892,8,4,4,7,0,1,9,6,6,6,2,1
257,46734,Tottenham Hotspur,West Ham United,2019-11-23,13,Away,52.9,655,471,19,15,7,6,14,2,3,4.569899605214892,6,15,2,11,3.558107549346449,9,6,6,6,2,1,8,4,4,7,0,1
258,46735,Burnley,Crystal Palace,2019-11-30,14,Home,43.5,553,347,20,16,5,1,13,2,0,2.0275160628444375,4,15,2,7,1.1101397665548383,9,6,6,3,5,1,6,2,1,4,3,0
259,46735,Crystal Palace,Burnley,2019-11-30,14,Away,56.5,685,464,15,31,6,1,9,0,2,1.1101397665548383,2,7,0,15,2.0275160628444375,6,2,1,4,3,0,9,6,6,3,5,1
260,46736,Chelsea,West Ham United,2019-11-30,14,Home,65.7,920,671,7,9,9,3,0,0,0,5.57641162026768,6,19,1,5,3.2002902613173956,12,8,6,8,4,1,4,4,2,3,1,0
261,46736,West Ham United,Chelsea,2019-11-30,14,Away,34.3,545,354,26,30,3,0,16,3,1,3.2002902613173956,4,5,0,19,5.57641162026768,4,4,2,3,1,0,12,8,6,8,4,1
262,46737,Leicester City,Everton,2019-12-01,14,Home,69.3,853,652,19,9,4,1,7,0,2,6.525411429360742,6,16,1,11,2.685867487852306,13,9,2,9,1,3,8,5,4,6,0,3
263,46737,Everton,Leicester City,2019-12-01,14,Away,30.7,503,275,20,32,4,3,9,1,1,2.685867487852306,3,11,2,16,6.525411429360742,8,5,4,6,0,3,13,9,2,9,1,3
264,46738,Liverpool,Brighton and Hove Albion,2019-11-30,14,Home,44.8,654,482,11,16,4,1,3,0,2,6.495806557826591,7,15,1,12,3.9679273414078833,12,8,2,9,1,2,4,7,2,2,1,1
265,46738,Brighton and Hove Albion,Liverpool,2019-11-30,14,Away,55.2,790,592,11,20,5,6,10,0,1,3.9679273414078833,5,12,2,15,6.495806557826591,4,7,2,2,1,1,12,8,2,9,1,2
266,46739,Manchester United,Aston Villa,2019-12-01,14,Home,62.3,714,525,6,15,9,1,16,4,2,2.4361651307126855,6,16,2,9,1.6741585531761023,7,9,4,3,1,4,6,5,0,2,2,2
267,46739,Aston Villa,Manchester United,2019-12-01,14,Away,37.7,503,309,22,18,9,4,8,1,2,1.6741585531761023,3,9,2,16,2.4361651307126855,6,5,0,2,2,2,7,9,4,3,1,4
268,46740,Newcastle United,Manchester City,2019-11-30,14,Home,23.6,453,238,18,40,1,3,4,1,2,0.7416175573493804,3,6,2,24,4.094124791408609,1,4,0,1,0,0,14,10,4,9,3,3
269,46740,Manchester City,Newcastle United,2019-11-30,14,Away,76.4,958,760,12,10,10,3,6,2,2,4.094124791408609,9,24,2,6,0.7416175573493804,14,10,4,9,3,3,1,4,0,1,0,0
270,46741,Norwich City,Arsenal,2019-12-01,14,Home,39.9,573,364,12,35,7,1,8,2,2,2.3888194245525796,8,15,2,16,3.8271405807171996,9,9,1,5,1,4,11,6,3,7,2,2
271,46741,Arsenal,Norwich City,2019-12-01,14,Away,60.1,742,541,16,14,12,0,10,1,2,3.8271405807171996,7,16,2,15,2.3888194245525796,11,6,3,7,2,2,9,9,1,5,1,4
272,46742,Southampton,Watford,2019-11-30,14,Home,62.8,784,548,17,19,6,2,6,1,2,5.975971346726773,6,11,1,6,1.6841208276037505,5,6,1,3,2,0,4,3,1,2,0,2
273,46742,Watford,Southampton,2019-11-30,14,Away,37.2,519,315,18,32,7,4,10,0,1,1.6841208276037505,3,6,2,11,5.975971346726773,4,3,1,2,0,2,5,6,1,3,2,0
274,46743,Tottenham Hotspur,Bournemouth,2019-11-30,14,Home,52.6,714,515,19,29,4,1,10,0,3,5.559980978545152,5,14,2,20,6.2376771625696446,10,7,0,6,2,3,12,9,3,8,0,4
275,46743,Bournemouth,Tottenham Hotspur,2019-11-30,14,Away,47.4,649,455,8,19,8,0,12,2,2,6.2376771625696446,6,20,3,14,5.559980978545152,12,9,3,8,0,4,10,7,0,6,2,3
276,46744,Wolverhampton Wanderers,Sheffield United,2019-12-01,14,Home,59.4,718,517,17,13,7,1,12,1,1,3.1294566665728687,3,13,1,10,3.064481827971208,7,3,4,4,3,0,8,5,3,4,3,2
277,46744,Sheffield United,Wolverhampton Wanderers,2019-12-01,14,Away,40.6,583,361,19,37,2,3,18,5,1,3.064481827971208,4,10,1,13,3.1294566665728687,8,5,3,4,3,2,7,3,4,4,3,0
278,46745,Arsenal,Brighton and Hove Albion,2019-12-05,15,Home,49.2,606,389,19,13,9,7,10,3,1,3.158112607237507,5,12,2,20,6.757835207508431,9,7,4,5,0,4,11,11,7,7,2,3
279,46745,Brighton and Hove Albion,Arsenal,2019-12-05,15,Away,50.8,596,413,11,24,9,0,11,1,2,6.757835207508431,9,20,1,12,3.158112607237507,11,11,7,7,2,3,9,7,4,5,0,4
280,46746,Burnley,Manchester City,2019-12-03,15,Home,24.5,422,250,14,24,3,0,9,1,1,0.7619526172449511,2,4,4,17,3.2381150398619525,3,3,1,3,0,0,6,10,0,3,4,0
281,46746,Manchester City,Burnley,2019-12-03,15,Away,75.5,947,774,8,18,6,2,6,1,4,3.2381150398619525,8,17,1,4,0.7619526172449511,6,10,0,3,4,0,3,3,1,3,0,0
282,46747,Leicester City,Watford,2019-12-04,15,Home,63.0,762,569,11,27,7,3,13,3,2,6.119969003071184,6,12,0,4,0.8101472924384822,10,6,2,6,5,0,2,1,1,2,0,0
283,46747,Watford,Leicester City,2019-12-04,15,Away,37.0,526,324,17,30,2,1,16,2,0,0.8101472924384822,1,4,2,12,6.119969003071184,2,1,1,2,0,0,10,6,2,6,5,0
284,46748,Manchester United,Tottenham Hotspur,2019-12-04,15,Home,46.6,638,441,20,15,4,1,9,0,2,2.5233239839807227,7,12,1,8,1.5639455247586525,6,9,0,1,4,2,4,5,0,2,0,3
285,46748,Tottenham Hotspur,Manchester United,2019-12-04,15,Away,53.4,712,497,18,19,3,1,9,1,1,1.5639455247586525,5,8,2,12,2.5233239839807227,4,5,0,2,0,3,6,9,0,1,4,2
286,46749,Sheffield United,Newcastle United,2019-12-05,15,Home,73.3,881,675,18,13,8,3,10,2,0,2.078686169794858,6,13,2,6,0.973268481632706,9,9,3,6,3,1,3,5,1,2,1,0
287,46749,Newcastle United,Sheffield United,2019-12-05,15,Away,26.7,449,253,14,41,1,2,6,0,2,0.973268481632706,4,6,0,13,2.078686169794858,3,5,1,2,1,0,9,9,3,6,3,1
288,46750,Wolverhampton Wanderers,West Ham United,2019-12-04,15,Home,49.4,680,479,12,17,5,3,8,1,2,7.033235946031532,7,13,0,6,2.0175739318242036,11,8,3,8,2,1,4,4,1,2,1,1
289,46750,West Ham United,Wolverhampton Wanderers,2019-12-04,15,Away,50.6,676,496,23,17,4,3,9,2,0,2.0175739318242036,3,6,2,13,7.033235946031532,4,4,1,2,1,1,11,8,3,8,2,1
290,46751,Chelsea,Aston Villa,2019-12-04,15,Home,64.5,869,649,13,15,9,0,18,2,2,3.338210646118963,9,25,1,9,1.7868688320927957,16,10,4,9,3,4,7,3,3,5,0,2
291,46751,Aston Villa,Chelsea,2019-12-04,15,Away,35.5,597,349,22,30,5,1,10,1,1,1.7868688320927957,3,9,2,25,3.338210646118963,7,3,3,5,0,2,16,10,4,9,3,4
292,46752,Crystal Palace,Bournemouth,2019-12-03,15,Home,30.8,465,258,16,30,6,1,6,3,1,1.4228597571333355,2,7,0,6,2.3105157736245676,4,2,1,2,2,0,4,3,1,3,0,1
293,46752,Bournemouth,Crystal Palace,2019-12-03,15,Away,69.2,769,575,26,18,9,0,15,3,0,2.3105157736245676,3,6,1,7,1.4228597571333355,4,3,1,3,0,1,4,2,1,2,2,0
294,46753,Liverpool,Everton,2019-12-04,15,Home,58.5,704,501,15,25,5,3,13,1,5,2.3766922580732945,5,11,2,12,1.7835757883349435,8,6,2,8,0,0,8,6,3,6,0,2
295,46753,Everton,Liverpool,2019-12-04,15,Away,41.5,542,339,19,15,6,3,17,2,2,1.7835757883349435,4,12,5,11,2.3766922580732945,8,6,3,6,0,2,8,6,2,8,0,0
296,46754,Southampton,Norwich City,2019-12-04,15,Home,40.1,582,366,27,15,6,3,12,1,2,5.270369194640182,5,14,1,10,2.111968774464516,7,6,2,5,2,0,6,5,1,2,3,1
297,46754,Norwich City,Southampton,2019-12-04,15,Away,59.9,795,562,12,30,1,1,7,1,1,2.111968774464516,3,10,2,14,5.270369194640182,6,5,1,2,3,1,7,6,2,5,2,0
298,46755,Aston Villa,Leicester City,2019-12-08,16,Home,40.4,518,306,14,22,8,0,21,6,1,2.51222109347824,2,15,4,23,12.071458763421596,9,4,5,7,3,1,17,11,5,10,3,4
299,46755,Leicester City,Aston Villa,2019-12-08,16,Away,59.6,693,478,17,30,5,1,15,2,4,12.071458763421596,8,23,1,15,2.51222109347824,17,11,5,10,3,4,9,4,5,7,3,1
300,46756,Bournemouth,Liverpool,2019-12-07,16,Home,26.2,467,305,12,35,1,5,5,0,0,0.6690254861975511,0,3,3,21,7.556545620303218,3,0,0,1,1,1,16,12,2,6,3,8
301,46756,Liverpool,Bournemouth,2019-12-07,16,Away,73.8,1017,852,10,5,3,1,6,1,3,7.556545620303218,9,21,0,3,0.6690254861975511,16,12,2,6,3,8,3,0,0,1,1,1
302,46757,Brighton and Hove Albion,Wolverhampton Wanderers,2019-12-08,16,Home,62.0,743,581,13,11,3,1,10,3,2,4.144555211251047,5,13,2,13,5.491361979278782,6,7,3,5,0,1,11,7,2,8,1,2
303,46757,Wolverhampton Wanderers,Brighton and Hove Albion,2019-12-08,16,Away,38.0,521,356,9,11,4,3,7,0,2,5.491361979278782,6,13,2,13,4.144555211251047,11,7,2,8,1,2,6,7,3,5,0,1
304,46758,Everton,Chelsea,2019-12-07,16,Home,30.0,470,255,36,25,1,2,14,3,3,3.2567566905203416,7,13,1,15,2.270987533592489,9,7,3,5,1,3,9,6,3,7,2,1
305,46758,Chelsea,Everton,2019-12-07,16,Away,70.0,843,594,14,23,5,3,9,0,1,2.270987533592489,4,15,3,13,3.2567566905203416,9,6,3,7,2,1,9,7,3,5,1,3
306,46759,Manchester City,Manchester United,2019-12-07,16,Home,71.9,885,657,14,9,16,1,10,3,1,3.7713767803976403,5,23,2,11,2.7224566259018,15,8,3,6,6,5,6,8,0,4,3,1
307,46759,Manchester United,Manchester City,2019-12-07,16,Away,28.1,472,265,18,39,3,0,10,2,2,2.7224566259018,7,11,1,23,3.7713767803976403,6,8,0,4,3,1,15,8,3,6,6,5
308,46760,Newcastle United,Southampton,2019-12-08,16,Home,45.3,581,344,16,25,3,0,11,1,2,3.564566656210914,6,12,1,19,4.782353090272447,6,6,3,4,1,1,8,7,4,4,2,4
309,46760,Southampton,Newcastle United,2019-12-08,16,Away,54.7,630,410,24,17,12,1,17,3,1,4.782353090272447,4,19,2,12,3.564566656210914,8,7,4,4,2,4,6,6,3,4,1,1
310,46761,Norwich City,Sheffield United,2019-12-08,16,Home,58.2,786,579,17,15,9,1,6,0,1,1.712219333684706,4,14,2,9,1.233581573734519,7,5,2,4,1,3,6,4,1,2,1,3
311,46761,Sheffield United,Norwich City,2019-12-08,16,Away,41.8,625,418,17,23,1,2,12,4,2,1.233581573734519,3,9,1,14,1.712219333684706,6,4,1,2,1,3,7,5,2,4,1,3
312,46762,Tottenham Hotspur,Burnley,2019-12-07,16,Home,49.0,661,476,19,23,1,1,12,1,5,3.019730321986987,7,13,0,7,0.8630441238199859,7,8,1,4,3,0,4,3,4,3,1,0
313,46762,Burnley,Tottenham Hotspur,2019-12-07,16,Away,51.0,671,479,15,10,1,2,8,1,0,0.8630441238199859,1,7,5,13,3.019730321986987,4,3,4,3,1,0,7,8,1,4,3,0
314,46763,Watford,Crystal Palace,2019-12-07,16,Home,50.2,580,384,14,15,6,1,15,4,0,1.7390951153667655,3,13,0,3,0.3208440553227444,8,5,2,5,3,0,3,0,0,1,1,1
315,46763,Crystal Palace,Watford,2019-12-07,16,Away,49.8,591,391,14,26,2,1,16,2,0,0.3208440553227444,0,3,0,13,1.7390951153667655,3,0,0,1,1,1,8,5,2,5,3,0
316,46764,West Ham United,Arsenal,2019-12-09,16,Home,35.8,541,365,27,10,4,1,12,2,1,2.7274502836039893,4,11,3,10,3.90661621268562,6,4,1,3,2,1,6,5,1,4,0,2
317,46764,Arsenal,West Ham United,2019-12-09,16,Away,64.2,864,675,12,16,3,0,6,0,3,3.90661621268562,3,10,1,11,2.7274502836039893,6,5,1,4,0,2,6,4,1,3,2,1
318,46765,Arsenal,Manchester City,2019-12-15,17,Home,42.4,674,482,16,10,3,2,9,1,0,0.4210264470185675,1,6,3,14,2.2892884439896277,2,1,1,1,1,0,7,8,1,6,1,1
319,46765,Manchester City,Arsenal,2019-12-15,17,Away,57.6,847,672,21,20,3,1,24,4,3,2.2892884439896277,7,14,0,6,0.4210264470185675,7,8,1,6,1,1,2,1,1,1,1,0
320,46766,Burnley,Newcastle United,2019-12-14,17,Home,48.0,560,369,14,28,4,3,15,0,1,1.9454297130816043,4,7,0,9,0.6290055108104885,4,6,3,2,2,0,4,4,2,3,0,1
321,46766,Newcastle United,Burnley,2019-12-14,17,Away,52.0,575,397,17,15,3,1,12,2,0,0.6290055108104885,0,9,1,7,1.9454297130816043,4,4,2,3,0,1,4,6,3,2,2,0
322,46767,Chelsea,Bournemouth,2019-12-14,17,Home,67.0,813,590,15,26,9,3,9,1,0,6.341519056120902,5,18,1,11,4.0446121570333196,13,6,8,8,2,3,11,2,1,8,3,0
323,46767,Bournemouth,Chelsea,2019-12-14,17,Away,33.0,530,293,7,47,4,1,14,2,1,4.0446121570333196,2,11,0,18,6.341519056120902,11,2,1,8,3,0,13,6,8,8,2,3
324,46768,Crystal Palace,Brighton and Hove Albion,2019-12-16,17,Home,34.8,535,315,14,32,3,0,7,1,1,2.7916340844357133,4,11,1,15,6.752106192584389,8,5,3,3,3,2,5,11,2,5,0,0
325,46768,Brighton and Hove Albion,Crystal Palace,2019-12-16,17,Away,65.2,801,593,16,13,7,1,12,1,1,6.752106192584389,10,15,1,11,2.7916340844357133,5,11,2,5,0,0,8,5,3,3,3,2
326,46769,Leicester City,Norwich City,2019-12-14,17,Home,56.8,746,513,21,15,12,0,11,0,1,4.771651939933973,5,18,1,10,3.7117425256624887,9,8,3,7,3,1,5,4,1,3,0,2
327,46769,Norwich City,Leicester City,2019-12-14,17,Away,43.2,606,397,17,24,4,1,15,5,1,3.7117425256624887,3,10,1,18,4.771651939933973,5,4,1,3,0,2,9,8,3,7,3,1
328,46770,Liverpool,Watford,2019-12-14,17,Home,67.9,847,649,14,14,6,5,8,2,2,3.1653216833806956,6,16,0,8,1.0787542258399077,14,6,0,7,2,5,4,2,0,4,0,1
329,46770,Watford,Liverpool,2019-12-14,17,Away,32.1,514,309,21,35,3,4,6,1,0,1.0787542258399077,2,8,2,16,3.1653216833806956,4,2,0,4,0,1,14,6,0,7,2,5
330,46771,Manchester United,Everton,2019-12-15,17,Home,66.5,759,529,14,18,6,2,10,1,1,2.3229634265440504,8,24,1,8,0.7242718711212907,9,10,2,6,4,1,2,3,0,1,1,0
331,46771,Everton,Manchester United,2019-12-15,17,Away,33.5,470,264,21,30,5,3,12,2,1,0.7242718711212907,3,8,1,24,2.3229634265440504,2,3,0,1,1,0,9,10,2,6,4,1
332,46772,Sheffield United,Aston Villa,2019-12-14,17,Home,56.7,697,512,12,16,3,3,10,2,2,2.152217675469532,3,7,0,8,1.0944343437847566,6,4,0,4,0,2,3,4,3,3,0,1
333,46772,Aston Villa,Sheffield United,2019-12-14,17,Away,43.3,596,396,11,43,2,0,9,2,0,1.0944343437847566,0,8,2,7,2.152217675469532,3,4,3,3,0,1,6,4,0,4,0,2
334,46773,Southampton,West Ham United,2019-12-14,17,Home,57.0,701,474,15,24,5,4,9,1,0,2.4929737389048627,2,11,1,11,4.247762998944388,7,5,3,6,0,1,9,4,4,9,0,0
335,46773,West Ham United,Southampton,2019-12-14,17,Away,43.0,561,359,17,29,8,2,14,3,1,4.247762998944388,4,11,0,11,2.4929737389048627,9,4,4,9,0,0,7,5,3,6,0,1
336,46774,Wolverhampton Wanderers,Tottenham Hotspur,2019-12-15,17,Home,57.8,699,494,18,9,11,0,14,4,1,3.0861928734966955,5,19,2,9,2.8548681794692334,8,7,3,4,3,3,7,7,2,4,3,1
337,46774,Tottenham Hotspur,Wolverhampton Wanderers,2019-12-15,17,Away,42.2,592,375,18,40,2,1,10,4,2,2.8548681794692334,5,9,1,19,3.0861928734966955,7,7,2,4,3,1,8,7,3,4,3,3
338,46775,Aston Villa,Southampton,2019-12-21,18,Home,56.5,667,432,9,21,7,2,16,2,1,5.358525213362103,6,19,3,17,5.907502771250234,9,8,3,7,1,2,10,10,3,6,3,1
339,46775,Southampton,Aston Villa,2019-12-21,18,Away,43.5,543,341,16,24,5,3,15,1,3,5.907502771250234,8,17,1,19,5.358525213362103,10,10,3,6,3,1,9,8,3,7,1,2
340,46776,Bournemouth,Burnley,2019-12-21,18,Home,64.8,635,437,15,31,4,2,13,2,0,0.24473059374903008,0,3,1,2,0.889336006537314,1,1,1,1,0,0,1,1,0,1,0,0
341,46776,Burnley,Bournemouth,2019-12-21,18,Away,35.2,410,230,13,27,5,0,21,4,1,0.889336006537314,1,2,0,3,0.24473059374903008,1,1,0,1,0,0,1,1,1,1,0,0
342,46777,Brighton and Hove Albion,Sheffield United,2019-12-21,18,Home,69.0,832,648,9,6,4,2,6,1,0,2.0138847391198103,2,9,1,7,1.9346566967864145,5,2,3,5,0,0,5,6,2,3,1,2
343,46777,Sheffield United,Brighton and Hove Albion,2019-12-21,18,Away,31.0,456,293,22,23,3,3,11,3,1,1.9346566967864145,2,7,0,9,2.0138847391198103,5,6,2,3,1,2,5,2,3,5,0,0
344,46778,Everton,Arsenal,2019-12-21,18,Home,43.0,548,353,15,13,5,0,10,2,0,0.4700511552300217,0,9,0,6,1.1396412986479405,4,1,0,1,2,1,5,3,1,2,1,2
345,46778,Arsenal,Everton,2019-12-21,18,Away,57.0,678,484,14,24,4,1,11,3,0,1.1396412986479405,2,6,0,9,0.4700511552300217,5,3,1,2,1,2,4,1,0,1,2,1
346,46779,Manchester City,Leicester City,2019-12-21,18,Home,62.7,859,690,19,3,6,1,14,2,3,10.301291564772827,12,23,1,5,1.1659937492919363,14,16,2,6,2,8,2,2,0,1,2,0
347,46779,Leicester City,Manchester City,2019-12-21,18,Away,37.3,585,409,14,16,0,3,9,2,1,1.1659937492919363,2,5,3,23,10.301291564772827,2,2,0,1,2,0,14,16,2,6,2,8
348,46780,Newcastle United,Crystal Palace,2019-12-21,18,Home,42.5,552,365,25,16,4,2,12,2,1,1.2800656178310896,3,8,0,16,1.9342607200917394,4,3,2,3,1,0,9,5,2,6,2,3
349,46780,Crystal Palace,Newcastle United,2019-12-21,18,Away,57.5,702,503,18,14,5,0,11,0,0,1.9342607200917394,4,16,1,8,1.2800656178310896,9,5,2,6,2,3,4,3,2,3,1,0
350,46781,Norwich City,Wolverhampton Wanderers,2019-12-21,18,Home,50.2,642,455,15,18,3,3,7,2,1,4.316669133464991,7,13,2,14,5.317980224069881,8,7,1,4,2,2,11,4,1,5,2,4
351,46781,Wolverhampton Wanderers,Norwich City,2019-12-21,18,Away,49.8,618,440,13,12,11,2,14,4,2,5.317980224069881,4,14,1,13,4.316669133464991,11,4,1,5,2,4,8,7,1,4,2,2
352,46782,Tottenham Hotspur,Chelsea,2019-12-22,18,Home,44.5,651,455,19,20,3,0,9,4,0,0.7176384258701636,1,5,2,13,1.8678689146569936,2,1,0,2,2,0,7,4,2,3,4,2
353,46782,Chelsea,Tottenham Hotspur,2019-12-22,18,Away,55.5,768,571,16,15,5,2,11,3,2,1.8678689146569936,3,13,0,5,0.7176384258701636,7,4,2,3,4,2,2,1,0,2,2,0
354,46783,Watford,Manchester United,2019-12-22,18,Home,36.1,511,313,19,15,3,5,16,3,2,2.180244462934925,3,11,0,17,2.213924881710025,6,4,1,6,1,0,8,10,3,5,6,0
355,46783,Manchester United,Watford,2019-12-22,18,Away,63.9,767,562,18,22,5,4,11,1,0,2.213924881710025,8,17,2,11,2.180244462934925,8,10,3,5,6,0,6,4,1,6,1,0
356,46785,Aston Villa,Norwich City,2019-12-26,19,Home,42.5,553,363,19,20,5,1,15,2,1,1.3803325257511228,2,11,0,16,2.2669410941843413,8,5,2,4,1,3,13,8,6,9,2,2
357,46785,Norwich City,Aston Villa,2019-12-26,19,Away,57.5,704,508,7,29,8,0,12,3,0,2.2669410941843413,6,16,1,11,1.3803325257511228,13,8,6,9,2,2,8,5,2,4,1,3
358,46786,Bournemouth,Arsenal,2019-12-26,19,Home,38.9,561,369,17,23,8,1,5,4,1,5.104088405158632,4,12,1,17,4.534895523221971,8,6,2,2,3,4,11,3,0,8,1,2
359,46786,Arsenal,Bournemouth,2019-12-26,19,Away,61.1,788,592,11,19,3,0,13,4,1,4.534895523221971,2,17,1,12,5.104088405158632,11,3,0,8,1,2,8,6,2,2,3,4
360,46787,Chelsea,Southampton,2019-12-26,19,Home,66.1,937,688,21,7,8,1,10,3,0,2.255782201454344,3,10,2,5,2.551821181662527,4,6,2,2,4,1,4,3,0,3,1,0
361,46787,Southampton,Chelsea,2019-12-26,19,Away,33.9,595,362,32,31,1,2,9,2,2,2.551821181662527,3,5,0,10,2.255782201454344,4,3,0,3,1,0,4,6,2,2,4,1
362,46788,Crystal Palace,West Ham United,2019-12-26,19,Home,58.2,787,557,16,16,7,1,5,0,2,5.149006829627522,4,13,1,10,2.4905902556154738,9,5,2,5,4,1,7,2,3,6,1,0
363,46788,West Ham United,Crystal Palace,2019-12-26,19,Away,41.8,608,390,30,27,6,2,10,2,1,2.4905902556154738,2,10,2,13,5.149006829627522,7,2,3,6,1,0,9,5,2,5,4,1
364,46789,Everton,Burnley,2019-12-26,19,Home,67.5,717,521,5,14,10,0,15,0,1,2.1709694512536393,5,21,0,6,0.29424758125679945,10,5,7,7,2,1,3,0,4,2,1,0
365,46789,Burnley,Everton,2019-12-26,19,Away,32.5,418,255,20,25,2,1,14,0,0,0.29424758125679945,0,6,1,21,2.1709694512536393,3,0,4,2,1,0,10,5,7,7,2,1
366,46790,Leicester City,Liverpool,2019-12-26,19,Home,41.2,618,421,16,36,2,6,5,1,0,0.148347751239427,0,3,4,15,7.340546980270529,0,1,0,0,1,0,8,8,3,4,3,2
367,46790,Liverpool,Leicester City,2019-12-26,19,Away,58.8,788,590,10,15,8,3,7,1,4,7.340546980270529,6,15,0,3,0.148347751239427,8,8,3,4,3,2,0,1,0,0,1,0
368,46791,Manchester United,Newcastle United,2019-12-26,19,Home,73.3,986,815,17,2,5,1,10,2,4,2.5854854270903047,10,22,1,7,1.1899653352190573,8,12,2,4,3,2,5,2,0,2,3,0
369,46791,Newcastle United,Manchester United,2019-12-26,19,Away,26.7,471,295,20,22,0,1,7,2,1,1.1899653352190573,2,7,4,22,2.5854854270903047,5,2,0,2,3,0,8,12,2,4,3,2
370,46792,Sheffield United,Watford,2019-12-26,19,Home,58.1,713,517,18,10,9,4,11,0,1,3.2515723506029075,4,16,1,5,0.566953640649645,9,5,6,7,2,0,3,3,0,0,0,3
371,46792,Watford,Sheffield United,2019-12-26,19,Away,41.9,583,386,7,27,1,1,8,3,1,0.566953640649645,2,5,1,16,3.2515723506029075,3,3,0,0,0,3,9,5,6,7,2,0
372,46793,Tottenham Hotspur,Brighton and Hove Albion,2019-12-26,19,Home,53.8,692,494,19,19,9,5,10,4,2,4.585892382739006,5,11,1,11,2.173887332036616,7,5,0,5,1,1,3,7,2,3,0,0
373,46793,Brighton and Hove Albion,Tottenham Hotspur,2019-12-26,19,Away,46.2,640,416,23,28,2,0,9,2,1,2.173887332036616,5,11,2,11,4.585892382739006,3,7,2,3,0,0,7,5,0,5,1,1
374,46794,Wolverhampton Wanderers,Manchester City,2019-12-27,19,Home,61.9,759,564,13,2,3,0,7,0,3,6.346416543174149,8,21,2,7,4.101713788502433,9,9,4,4,1,4,3,4,0,1,1,1
375,46794,Manchester City,Wolverhampton Wanderers,2019-12-27,19,Away,38.1,530,358,16,32,1,1,13,1,2,4.101713788502433,3,7,3,21,6.346416543174149,3,4,0,1,1,1,9,9,4,4,1,4
376,46795,Arsenal,Chelsea,2019-12-29,20,Home,42.1,615,427,16,20,2,2,13,5,1,1.3430696839038236,2,7,2,13,2.1279630263111224,5,5,3,4,1,1,9,5,3,4,2,3
377,46795,Chelsea,Arsenal,2019-12-29,20,Away,57.9,771,577,17,10,3,1,19,4,2,2.1279630263111224,4,13,1,7,1.3430696839038236,9,5,3,4,2,3,5,5,3,4,1,1
378,46796,Brighton and Hove Albion,Bournemouth,2019-12-28,20,Home,55.1,706,496,23,12,9,3,9,0,2,1.885098068147541,6,16,0,10,1.3652979720298035,7,8,0,2,2,3,6,2,1,5,1,0
379,46796,Bournemouth,Brighton and Hove Albion,2019-12-28,20,Away,44.9,600,413,18,30,2,0,11,2,0,1.3652979720298035,2,10,2,16,1.885098068147541,6,2,1,5,1,0,7,8,0,2,2,3
380,46797,Burnley,Manchester United,2019-12-28,20,Home,38.6,455,295,13,12,5,5,17,4,0,0.6416728570756296,1,8,2,14,2.111042843389815,3,2,2,1,1,1,5,5,0,3,1,2
381,46797,Manchester United,Burnley,2019-12-28,20,Away,61.4,675,501,6,20,4,2,10,3,2,2.111042843389815,5,14,0,8,0.6416728570756296,5,5,0,3,1,2,3,2,2,1,1,1
382,46798,Liverpool,Wolverhampton Wanderers,2019-12-29,20,Home,62.9,808,607,19,15,5,2,7,1,1,2.9885210465739664,3,10,0,10,1.5992712452966271,7,4,2,6,0,1,4,2,1,2,1,1
383,46798,Wolverhampton Wanderers,Liverpool,2019-12-29,20,Away,37.1,559,352,23,20,6,5,3,0,0,1.5992712452966271,2,10,1,10,2.9885210465739664,4,2,1,2,1,1,7,4,2,6,0,1
384,46799,Manchester City,Sheffield United,2019-12-29,20,Home,72.9,1021,871,10,12,8,1,5,1,2,1.8728434593882475,4,16,0,8,0.6408769878132801,6,5,0,3,1,2,7,3,3,4,1,2
385,46799,Sheffield United,Manchester City,2019-12-29,20,Away,27.1,477,314,16,23,5,5,6,1,0,0.6408769878132801,0,8,2,16,1.8728434593882475,7,3,3,4,1,2,6,5,0,3,1,2
386,46800,Newcastle United,Everton,2019-12-28,20,Home,42.7,535,317,14,25,5,3,13,2,1,3.0632615904371754,5,20,2,22,4.873707622503492,16,10,4,12,3,1,13,13,5,9,1,3
387,46800,Everton,Newcastle United,2019-12-28,20,Away,57.3,659,435,15,32,8,2,13,2,2,4.873707622503492,9,22,1,20,3.0632615904371754,13,13,5,9,1,3,16,10,4,12,3,1
388,46801,Norwich City,Tottenham Hotspur,2019-12-28,20,Home,41.1,597,394,22,26,4,3,12,3,2,0.6860413701846595,2,5,2,15,3.077838689358072,2,3,1,2,0,0,4,7,0,4,0,0
389,46801,Tottenham Hotspur,Norwich City,2019-12-28,20,Away,58.9,768,554,22,11,6,3,10,3,2,3.077838689358072,7,15,2,5,0.6860413701846595,4,7,0,4,0,0,2,3,1,2,0,0
390,46802,Southampton,Crystal Palace,2019-12-28,20,Home,59.9,682,471,20,11,12,2,13,1,1,3.8384949273485858,5,14,1,5,1.0469266466876572,9,4,3,6,2,1,2,3,2,2,0,0
391,46802,Crystal Palace,Southampton,2019-12-28,20,Away,40.1,543,334,16,32,4,2,7,2,1,1.0469266466876572,2,5,1,14,3.8384949273485858,2,3,2,2,0,0,9,4,3,6,2,1
392,46803,Watford,Aston Villa,2019-12-28,20,Home,48.8,600,417,14,23,6,1,16,3,3,3.9357499980370836,6,20,0,11,0.8734615440868668,10,6,1,7,1,2,5,4,2,3,2,0
393,46803,Aston Villa,Watford,2019-12-28,20,Away,51.2,631,433,11,23,3,3,9,1,0,0.8734615440868668,2,11,3,20,3.9357499980370836,5,4,2,3,2,0,10,6,1,7,1,2
394,46804,West Ham United,Leicester City,2019-12-28,20,Home,42.7,591,383,24,17,5,2,16,4,1,2.202889506600048,4,14,2,13,3.2823115559680374,11,7,5,8,3,0,9,9,2,5,1,3
395,46804,Leicester City,West Ham United,2019-12-28,20,Away,57.3,751,523,11,10,5,3,4,1,2,3.2823115559680374,8,13,1,14,2.202889506600048,9,9,2,5,1,3,11,7,5,8,3,0
396,46805,Arsenal,Manchester United,2020-01-01,21,Home,48.8,715,513,19,18,1,0,11,2,2,2.1322059340047947,4,10,0,10,1.2987287669196064,6,6,1,3,0,4,5,5,1,1,3,1
397,46805,Manchester United,Arsenal,2020-01-01,21,Away,51.2,729,542,12,7,4,0,15,0,0,1.2987287669196064,4,10,2,10,2.1322059340047947,5,5,1,1,3,1,6,6,1,3,0,4
398,46806,Brighton and Hove Albion,Chelsea,2020-01-01,21,Home,47.7,714,484,20,13,5,0,8,2,1,5.068842335095918,5,16,1,16,4.621823054600902,10,5,2,8,0,3,11,7,0,4,6,1
399,46806,Chelsea,Brighton and Hove Albion,2020-01-01,21,Away,52.3,755,537,25,26,3,3,15,3,1,4.621823054600902,5,16,1,16,5.068842335095918,11,7,0,4,6,1,10,5,2,8,0,3
400,46807,Burnley,Aston Villa,2020-01-01,21,Home,61.9,699,506,7,12,8,2,12,1,1,2.1603018953766338,1,20,2,11,2.1377033045113665,11,2,6,8,1,3,8,7,2,3,2,3
401,46807,Aston Villa,Burnley,2020-01-01,21,Away,38.1,500,327,13,31,4,1,10,1,2,2.1377033045113665,6,11,1,20,2.1603018953766338,8,7,2,3,2,3,11,2,6,8,1,3
402,46808,Liverpool,Sheffield United,2020-01-02,21,Home,74.8,1109,969,6,9,8,1,5,0,2,4.277990582380738,7,19,0,3,0.9287353030086074,10,11,2,9,1,1,1,2,0,0,1,0
403,46808,Sheffield United,Liverpool,2020-01-02,21,Away,25.2,470,327,14,29,4,3,8,0,0,0.9287353030086074,2,3,2,19,4.277990582380738,1,2,0,0,1,0,10,11,2,9,1,1
404,46809,Manchester City,Everton,2020-01-01,21,Home,65.4,943,777,10,13,3,3,11,0,2,3.046158922479346,7,16,1,7,1.3069472516731477,13,11,3,10,3,0,6,2,3,4,0,2
405,46809,Everton,Manchester City,2020-01-01,21,Away,34.6,555,401,14,11,6,1,11,4,1,1.3069472516731477,2,7,2,16,3.046158922479346,6,2,3,4,0,2,13,11,3,10,3,0
406,46810,Newcastle United,Leicester City,2020-01-01,21,Home,23.4,431,244,15,20,4,0,8,1,0,1.6114039212604676,2,5,3,17,7.232239198951328,3,2,1,3,0,0,9,13,3,7,1,1
407,46810,Leicester City,Newcastle United,2020-01-01,21,Away,76.6,1022,833,17,14,5,3,12,1,3,7.232239198951328,10,17,0,5,1.6114039212604676,9,13,3,7,1,1,3,2,1,3,0,0
408,46811,Norwich City,Crystal Palace,2020-01-01,21,Home,40.6,604,362,30,32,2,2,12,5,1,1.9719980797122043,4,15,1,12,1.8751848058265481,11,6,2,5,4,2,5,4,1,3,2,1
409,46811,Crystal Palace,Norwich City,2020-01-01,21,Away,59.4,744,521,16,8,5,1,9,0,1,1.8751848058265481,3,12,1,15,1.9719980797122043,5,4,1,3,2,1,11,6,2,5,4,2
410,46812,Southampton,Tottenham Hotspur,2020-01-01,21,Home,40.9,583,343,22,37,6,1,21,3,1,4.113840646052157,3,12,0,11,3.3565684129731745,7,4,3,6,0,1,6,5,2,5,0,1
411,46812,Tottenham Hotspur,Southampton,2020-01-01,21,Away,59.1,741,499,23,24,9,3,8,4,0,3.3565684129731745,5,11,1,12,4.113840646052157,6,5,2,5,0,1,7,4,3,6,0,1
412,46813,Watford,Wolverhampton Wanderers,2020-01-01,21,Home,36.4,519,343,13,34,4,1,12,3,2,3.000729120246708,3,9,1,16,3.3832510955411936,6,4,0,3,2,1,8,7,3,6,2,0
413,46813,Wolverhampton Wanderers,Watford,2020-01-01,21,Away,63.6,773,578,23,7,7,0,6,1,1,3.3832510955411936,4,16,2,9,3.000729120246708,8,7,3,6,2,0,6,4,0,3,2,1
414,46814,West Ham United,Bournemouth,2020-01-01,21,Home,42.6,639,444,23,14,9,1,3,1,4,3.5002370302104486,7,14,0,3,0.6946535417872998,8,7,2,5,2,1,2,3,1,0,2,0
415,46814,Bournemouth,West Ham United,2020-01-01,21,Away,57.4,808,618,20,21,2,3,12,2,0,0.6946535417872998,2,3,4,14,3.5002370302104486,2,3,1,0,2,0,8,7,2,5,2,1
416,46815,Aston Villa,Manchester City,2020-01-12,22,Home,29.4,538,362,15,20,2,1,5,2,1,1.260169258369764,1,7,6,22,3.972445591654189,4,1,2,3,2,1,11,14,0,8,1,4
417,46815,Manchester City,Aston Villa,2020-01-12,22,Away,70.6,1037,877,16,5,4,0,12,1,6,3.972445591654189,12,22,1,7,1.260169258369764,11,14,0,8,1,4,4,1,2,3,2,1
418,46816,Bournemouth,Watford,2020-01-12,22,Home,56.7,742,536,8,15,5,0,3,1,0,0.8554944326975061,1,10,3,18,6.058111913146805,2,1,1,1,1,0,13,6,3,11,2,0
419,46816,Watford,Bournemouth,2020-01-12,22,Away,43.3,609,411,27,36,5,5,13,1,3,6.058111913146805,6,18,0,10,0.8554944326975061,13,6,3,11,2,0,2,1,1,1,1,0
420,46817,Chelsea,Burnley,2020-01-11,22,Home,65.5,754,568,13,9,10,6,7,0,3,4.021081756843058,8,18,0,7,0.9439342210597184,9,8,3,7,3,1,3,2,1,1,0,2
421,46817,Burnley,Chelsea,2020-01-11,22,Away,34.5,473,300,13,22,3,6,4,3,0,0.9439342210597184,3,7,3,18,4.021081756843058,3,2,1,1,0,2,9,8,3,7,3,1
422,46818,Crystal Palace,Arsenal,2020-01-11,22,Home,42.7,567,362,25,11,1,3,14,2,1,1.0288662656315628,3,6,1,7,1.7816723026808772,3,2,1,1,2,0,4,4,1,1,1,2
423,46818,Arsenal,Crystal Palace,2020-01-11,22,Away,57.3,691,487,17,19,4,1,22,3,1,1.7816723026808772,4,7,1,6,1.0288662656315628,4,4,1,1,1,2,3,2,1,1,2,0
424,46819,Everton,Brighton and Hove Albion,2020-01-11,22,Home,53.8,705,491,21,22,4,2,7,2,1,4.681584426461902,6,14,0,9,3.1706662515774973,9,7,3,5,4,2,6,5,2,4,1,1
425,46819,Brighton and Hove Albion,Everton,2020-01-11,22,Away,46.2,646,426,13,27,3,2,7,1,0,3.1706662515774973,2,9,1,14,4.681584426461902,6,5,2,4,1,1,9,7,3,5,4,2
426,46820,Leicester City,Southampton,2020-01-11,22,Home,58.2,686,455,20,21,2,3,9,0,1,3.7123319019286973,5,5,2,16,5.383222192284869,3,5,1,1,1,1,9,11,2,4,4,2
427,46820,Southampton,Leicester City,2020-01-11,22,Away,41.8,533,318,23,10,4,2,17,3,2,5.383222192284869,10,16,1,5,3.7123319019286973,9,11,2,4,4,2,3,5,1,1,1,1
428,46821,Manchester United,Norwich City,2020-01-11,22,Home,60.4,847,646,21,7,4,2,18,0,4,3.237373940468539,6,13,0,8,0.5599337580676151,6,8,1,3,3,0,1,3,0,0,1,0
429,46821,Norwich City,Manchester United,2020-01-11,22,Away,39.6,637,424,22,19,2,0,7,0,0,0.5599337580676151,3,8,4,13,3.237373940468539,1,3,0,0,1,0,6,8,1,3,3,0
430,46822,Sheffield United,West Ham United,2020-01-10,22,Home,46.9,612,437,19,11,7,3,11,1,1,3.8395423603970733,3,13,0,7,1.4747684838636168,7,5,3,6,0,2,5,2,2,3,2,0
431,46822,West Ham United,Sheffield United,2020-01-10,22,Away,53.1,713,504,16,18,3,1,6,0,0,1.4747684838636168,2,7,1,13,3.8395423603970733,5,2,2,3,2,0,7,5,3,6,0,2
432,46823,Tottenham Hotspur,Liverpool,2020-01-11,22,Home,33.2,591,381,13,38,4,2,4,0,0,1.9205592332381134,4,14,1,13,3.31534892627587,8,6,3,5,1,2,11,8,3,10,0,1
433,46823,Liverpool,Tottenham Hotspur,2020-01-11,22,Away,66.8,961,786,20,9,3,2,8,2,1,3.31534892627587,7,13,0,14,1.9205592332381134,11,8,3,10,0,1,8,6,3,5,1,2
434,46824,Wolverhampton Wanderers,Newcastle United,2020-01-11,22,Home,65.7,779,593,16,8,5,0,13,0,1,3.6145733926388095,4,9,1,5,1.1280693626315441,4,3,2,3,1,0,1,2,0,1,0,0
435,46824,Newcastle United,Wolverhampton Wanderers,2020-01-11,22,Away,34.3,496,311,15,37,2,1,12,3,1,1.1280693626315441,1,5,1,9,3.6145733926388095,1,2,0,1,0,0,4,3,2,3,1,0
436,46825,Arsenal,Sheffield United,2020-01-18,23,Home,61.0,758,567,13,16,4,3,9,1,1,1.689590982164347,4,11,1,12,1.5364745520015537,7,6,2,3,1,3,7,3,4,6,1,1
437,46825,Sheffield United,Arsenal,2020-01-18,23,Away,39.0,534,353,20,17,5,0,13,2,1,1.5364745520015537,4,12,1,11,1.689590982164347,7,3,4,6,1,1,7,6,2,3,1,3
438,46826,Brighton and Hove Albion,Aston Villa,2020-01-18,23,Home,55.3,729,500,20,12,3,2,11,3,1,3.491229658522416,2,10,1,8,3.1703016896631246,6,3,1,3,2,2,7,4,1,6,0,1
439,46826,Aston Villa,Brighton and Hove Albion,2020-01-18,23,Away,44.7,618,397,20,19,4,4,13,3,1,3.1703016896631246,3,8,1,10,3.491229658522416,7,4,1,6,0,1,6,3,1,3,2,2
440,46827,Burnley,Leicester City,2020-01-19,23,Home,44.5,611,386,16,18,4,1,14,1,2,3.1786700095339073,5,8,1,18,7.7921416616735115,4,6,3,2,2,0,10,9,2,7,1,2
441,46827,Leicester City,Burnley,2020-01-19,23,Away,55.5,702,492,23,26,5,0,8,0,1,7.7921416616735115,8,18,2,8,3.1786700095339073,10,9,2,7,1,2,4,6,3,2,2,0
442,46828,Liverpool,Manchester United,2020-01-19,23,Home,53.2,717,509,22,13,11,2,7,1,2,2.551782658209875,5,16,0,9,1.4671393594646014,12,9,2,10,2,0,3,7,0,2,1,0
443,46828,Manchester United,Liverpool,2020-01-19,23,Away,46.8,659,455,16,34,5,3,10,3,0,1.4671393594646014,4,9,2,16,2.551782658209875,3,7,0,2,1,0,12,9,2,10,2,0
444,46829,Manchester City,Crystal Palace,2020-01-18,23,Home,72.5,898,666,13,3,14,0,9,1,2,4.063456018154253,6,25,2,5,1.4007977359064452,13,12,4,7,3,4,3,3,2,1,1,1
445,46829,Crystal Palace,Manchester City,2020-01-18,23,Away,27.5,458,270,18,44,2,1,7,2,2,1.4007977359064452,3,5,2,25,4.063456018154253,3,3,2,1,1,1,13,12,4,7,3,4
446,46830,Newcastle United,Chelsea,2020-01-18,23,Home,30.1,507,286,13,40,1,1,9,1,1,0.665575836776735,2,7,0,19,1.8715092156071882,4,3,4,4,0,0,5,4,2,2,3,1
447,46830,Chelsea,Newcastle United,2020-01-18,23,Away,69.9,854,655,15,9,10,2,14,1,0,1.8715092156071882,4,19,1,7,0.665575836776735,5,4,2,2,3,1,4,3,4,4,0,0
448,46831,Norwich City,Bournemouth,2020-01-18,23,Home,66.0,820,635,13,11,4,0,10,2,1,5.276205403496718,5,16,0,6,2.520903915306538,6,6,1,5,1,0,4,3,4,4,0,0
449,46831,Bournemouth,Norwich City,2020-01-18,23,Away,34.0,493,316,19,21,5,3,10,2,0,2.520903915306538,3,6,1,16,5.276205403496718,4,3,4,4,0,0,6,6,1,5,1,0
450,46832,Southampton,Wolverhampton Wanderers,2020-01-18,23,Home,52.5,607,402,14,16,1,2,13,2,2,1.5752144671665134,5,11,3,8,2.859541903819372,8,7,5,8,0,0,3,5,0,2,0,1
451,46832,Wolverhampton Wanderers,Southampton,2020-01-18,23,Away,47.5,563,371,13,18,3,2,12,1,3,2.859541903819372,4,8,2,11,1.5752144671665134,3,5,0,2,0,1,8,7,5,8,0,0
452,46833,Watford,Tottenham Hotspur,2020-01-18,23,Home,41.5,551,342,25,11,3,2,13,2,0,2.3782199250327256,2,15,0,16,2.6152353736103806,9,5,1,6,2,2,8,5,1,1,5,2
453,46833,Tottenham Hotspur,Watford,2020-01-18,23,Away,58.5,741,504,17,41,3,3,13,3,0,2.6152353736103806,5,16,0,15,2.3782199250327256,8,5,1,1,5,2,9,5,1,6,2,2
454,46834,West Ham United,Everton,2020-01-18,23,Home,48.8,645,435,16,17,7,3,11,1,1,2.761800036897414,6,12,1,11,4.523567271827896,9,6,6,7,1,2,6,5,4,4,0,2
455,46834,Everton,West Ham United,2020-01-18,23,Away,51.2,659,459,20,19,6,1,13,0,1,4.523567271827896,3,11,1,12,2.761800036897414,6,5,4,4,0,2,9,6,6,7,1,2
456,46835,Aston Villa,Watford,2020-01-21,24,Home,64.5,790,558,9,14,6,0,11,2,2,2.492028967698978,5,16,1,8,1.8358844493482782,13,6,5,9,3,1,5,3,2,3,2,1
457,46835,Watford,Aston Villa,2020-01-21,24,Away,35.5,522,314,21,33,3,3,18,2,1,1.8358844493482782,2,8,2,16,2.492028967698978,5,3,2,3,2,1,13,6,5,9,3,1
458,46836,Bournemouth,Brighton and Hove Albion,2020-01-21,24,Home,34.7,495,303,10,20,5,2,9,1,3,2.0586458699352623,3,11,1,21,3.655479284017127,8,5,1,6,0,2,7,10,0,2,2,3
459,46836,Brighton and Hove Albion,Bournemouth,2020-01-21,24,Away,65.3,785,567,16,14,8,1,12,1,1,3.655479284017127,8,21,3,11,2.0586458699352623,7,10,0,2,2,3,8,5,1,6,0,2
460,46837,Everton,Newcastle United,2020-01-21,24,Home,54.9,769,562,15,16,6,1,13,1,2,2.2287264005446,8,17,2,9,1.830531934923458,7,9,3,5,1,2,4,4,2,3,1,1
461,46837,Newcastle United,Everton,2020-01-21,24,Away,45.1,659,462,9,27,4,0,10,1,2,1.830531934923458,3,9,2,17,2.2287264005446,4,4,2,3,1,1,7,9,3,5,1,2
462,46838,Leicester City,West Ham United,2020-01-22,24,Home,67.3,771,569,17,10,7,2,10,1,4,4.363784974159606,8,19,1,6,1.9137942117039817,11,11,1,8,1,2,4,2,2,4,0,0
463,46838,West Ham United,Leicester City,2020-01-22,24,Away,32.7,456,273,9,24,8,1,19,1,1,1.9137942117039817,2,6,4,19,4.363784974159606,4,2,2,4,0,0,11,11,1,8,1,2
464,46839,Manchester United,Burnley,2020-01-22,24,Home,72.2,880,692,10,13,5,2,11,0,0,3.383353839288156,7,24,2,5,0.919422321036542,10,9,3,9,1,0,4,3,1,3,1,0
465,46839,Burnley,Manchester United,2020-01-22,24,Away,27.8,441,261,13,29,2,2,7,2,2,0.919422321036542,2,5,0,24,3.383353839288156,4,3,1,3,1,0,10,9,3,9,1,0
466,46840,Sheffield United,Manchester City,2020-01-21,24,Home,32.7,463,286,13,23,5,4,13,4,0,1.0653049290315202,1,4,1,18,3.538104708237134,3,2,1,2,0,1,9,9,3,6,0,4
467,46840,Manchester City,Sheffield United,2020-01-21,24,Away,67.3,795,600,8,24,13,1,13,3,1,3.538104708237134,5,18,0,4,1.0653049290315202,9,9,3,6,0,4,3,2,1,2,0,1
468,46841,Wolverhampton Wanderers,Liverpool,2020-01-23,24,Home,46.4,678,505,11,7,2,2,6,0,1,3.1539977389010474,3,10,2,13,5.2389878967694425,5,7,3,3,1,2,10,7,1,7,2,1
469,46841,Liverpool,Wolverhampton Wanderers,2020-01-23,24,Away,53.6,755,594,11,20,4,0,11,1,2,5.2389878967694425,6,13,1,10,3.1539977389010474,10,7,1,7,2,1,5,7,3,3,1,2
470,46842,Chelsea,Arsenal,2020-01-21,24,Home,58.8,751,546,18,18,17,2,11,2,2,3.776162128180927,8,19,2,2,0.5480548663452085,13,10,6,10,3,0,1,2,0,1,0,0
471,46842,Arsenal,Chelsea,2020-01-21,24,Away,41.2,579,385,21,31,5,1,6,1,2,0.5480548663452085,2,2,2,19,3.776162128180927,1,2,0,1,0,0,13,10,6,10,3,0
472,46843,Crystal Palace,Southampton,2020-01-21,24,Home,44.4,597,365,20,18,0,2,12,1,0,0.7369985650312857,0,6,2,15,2.7902484476022527,6,1,1,4,2,0,5,9,1,3,0,2
473,46843,Southampton,Crystal Palace,2020-01-21,24,Away,55.6,681,451,22,16,8,1,13,2,2,2.7902484476022527,6,15,0,6,0.7369985650312857,5,9,1,3,0,2,6,1,1,4,2,0
474,46844,Tottenham Hotspur,Norwich City,2020-01-22,24,Home,50.4,680,479,11,14,7,1,12,0,2,2.584380800358792,3,14,1,13,2.176096197138776,7,4,2,4,2,2,7,5,1,7,0,0
475,46844,Norwich City,Tottenham Hotspur,2020-01-22,24,Away,49.6,683,475,24,19,3,0,7,1,1,2.176096197138776,2,13,2,14,2.584380800358792,7,5,1,7,0,0,7,4,2,4,2,2
476,46845,Bournemouth,Aston Villa,2020-02-01,25,Home,39.6,523,303,12,36,1,1,10,1,2,2.160411449499577,6,16,1,17,2.1895620101575526,8,7,2,7,1,0,12,6,5,7,5,1
477,46845,Aston Villa,Bournemouth,2020-02-01,25,Away,60.4,660,457,5,13,8,3,15,3,1,2.1895620101575526,4,17,2,16,2.160411449499577,12,6,5,7,5,1,8,7,2,7,1,0
478,46846,Burnley,Arsenal,2020-02-02,25,Home,42.7,533,324,20,21,5,4,8,1,0,1.9617246390662355,2,15,0,13,1.4213004554829964,9,6,8,8,1,0,9,3,3,6,2,1
479,46846,Arsenal,Burnley,2020-02-02,25,Away,57.3,658,462,17,23,7,1,11,3,0,1.4213004554829964,2,13,0,15,1.9617246390662355,9,3,3,6,2,1,9,6,8,8,1,0
480,46847,Crystal Palace,Sheffield United,2020-02-01,25,Home,60.7,721,515,14,12,9,1,9,3,0,1.5982176010983542,3,13,1,10,1.0900433511944552,7,4,2,4,4,0,5,5,1,3,2,1
481,46847,Sheffield United,Crystal Palace,2020-02-01,25,Away,39.3,533,337,20,28,5,0,15,2,1,1.0900433511944552,3,10,0,13,1.5982176010983542,5,5,1,3,2,1,7,4,2,4,4,0
482,46848,Leicester City,Chelsea,2020-02-01,25,Home,49.7,671,478,25,18,4,1,16,2,2,1.9489710369270408,4,14,2,7,1.393424635335979,8,6,2,5,2,1,5,3,2,2,0,3
483,46848,Chelsea,Leicester City,2020-02-01,25,Away,50.3,698,485,15,18,6,1,14,2,2,1.393424635335979,3,7,2,14,1.9489710369270408,5,3,2,2,0,3,8,6,2,5,2,1
484,46849,Liverpool,Southampton,2020-02-01,25,Home,61.5,728,530,14,23,6,2,9,0,4,4.350866561699646,9,16,0,17,1.9812334877035502,10,10,0,9,1,0,10,6,3,4,2,5
485,46849,Southampton,Liverpool,2020-02-01,25,Away,38.5,539,321,18,26,11,5,15,2,0,1.9812334877035502,4,17,4,16,4.350866561699646,10,6,3,4,2,5,10,10,0,9,1,0
486,46850,Manchester United,Wolverhampton Wanderers,2020-02-01,25,Home,63.7,851,633,19,12,4,0,14,3,0,1.4299745615437418,5,16,0,15,2.01388573810363,6,8,3,4,1,1,13,5,5,8,2,3
487,46850,Wolverhampton Wanderers,Manchester United,2020-02-01,25,Away,36.3,575,354,28,21,6,1,15,2,0,2.01388573810363,4,15,0,16,1.4299745615437418,13,5,5,8,2,3,6,8,3,4,1,1
488,46851,Newcastle United,Norwich City,2020-02-01,25,Home,43.4,579,365,15,37,8,3,10,2,0,1.478813478455624,5,15,0,19,3.2674705756609743,7,6,4,5,2,0,9,6,4,7,2,1
489,46851,Norwich City,Newcastle United,2020-02-01,25,Away,56.6,687,485,10,22,12,0,15,1,0,3.2674705756609743,4,19,0,15,1.478813478455624,9,6,4,7,2,1,7,6,4,5,2,0
490,46852,Tottenham Hotspur,Manchester City,2020-02-02,25,Home,33.1,531,347,21,29,2,2,8,2,2,1.0783219433475555,3,3,0,19,3.4380155816641507,3,3,0,2,1,0,12,7,2,7,3,4
491,46852,Manchester City,Tottenham Hotspur,2020-02-02,25,Away,66.9,868,692,15,13,6,0,14,3,0,3.4380155816641507,6,19,2,3,1.0783219433475555,12,7,2,7,3,4,3,3,0,2,1,0
492,46853,Watford,Everton,2020-02-01,25,Home,44.6,549,364,15,20,4,0,17,2,2,1.5925406590367985,2,11,3,12,2.844550677771248,7,4,1,4,3,0,7,5,3,6,0,1
493,46853,Everton,Watford,2020-02-01,25,Away,55.4,636,441,22,21,4,2,14,2,3,2.844550677771248,5,12,2,11,1.5925406590367985,7,5,3,6,0,1,7,4,1,4,3,0
494,46854,West Ham United,Brighton and Hove Albion,2020-02-01,25,Home,35.1,524,321,23,20,4,2,8,1,3,2.0717150937173123,6,12,3,19,2.901040744179859,8,7,2,6,1,1,12,8,3,8,4,0
495,46854,Brighton and Hove Albion,West Ham United,2020-02-01,25,Away,64.9,799,607,19,13,6,1,9,1,3,2.901040744179859,6,19,3,12,2.0717150937173123,12,8,3,8,4,0,8,7,2,6,1,1
496,46855,Arsenal,Newcastle United,2020-02-16,26,Home,68.4,816,643,12,15,5,1,15,2,4,2.963402807948533,7,15,0,10,1.327831571816381,10,9,2,9,1,0,4,4,1,4,2,0
497,46855,Newcastle United,Arsenal,2020-02-16,26,Away,31.6,463,295,18,20,6,4,9,0,0,1.327831571816381,2,10,4,15,2.963402807948533,4,4,1,4,2,0,10,9,2,9,1,0
498,46856,Aston Villa,Tottenham Hotspur,2020-02-16,26,Home,54.3,690,444,14,18,12,0,12,2,2,3.1943109053797794,4,18,3,23,5.429638456301457,9,7,7,7,2,0,15,10,2,13,2,2
499,46856,Tottenham Hotspur,Aston Villa,2020-02-16,26,Away,45.7,622,386,24,28,7,1,10,0,3,5.429638456301457,10,23,2,18,3.1943109053797794,15,10,2,13,2,2,9,7,7,7,2,0
500,46857,Brighton and Hove Albion,Watford,2020-02-08,26,Home,67.2,797,603,13,8,3,2,9,2,1,1.3343430304318749,2,10,1,5,0.5986017212641345,7,2,2,6,0,1,3,3,1,1,2,0
501,46857,Watford,Brighton and Hove Albion,2020-02-08,26,Away,32.8,491,301,25,28,2,2,12,2,1,0.5986017212641345,2,5,1,10,1.3343430304318749,3,3,1,1,2,0,7,2,2,6,0,1
502,46858,Chelsea,Manchester United,2020-02-17,26,Home,61.2,799,606,18,14,9,2,11,4,0,1.7395574735067996,1,17,2,9,1.3294422974792435,11,4,1,5,2,4,7,4,2,4,2,1
503,46858,Manchester United,Chelsea,2020-02-17,26,Away,38.8,568,382,12,27,8,0,11,3,2,1.3294422974792435,3,9,0,17,1.7395574735067996,7,4,2,4,2,1,11,4,1,5,2,4
504,46859,Everton,Crystal Palace,2020-02-08,26,Home,46.6,594,358,20,22,4,1,11,0,3,3.078493533965432,8,14,1,10,1.5483008557755076,10,9,2,7,1,2,7,4,1,2,1,4
505,46859,Crystal Palace,Everton,2020-02-08,26,Away,53.4,642,420,15,20,6,2,12,1,1,1.5483008557755076,2,10,3,14,3.078493533965432,7,4,1,2,1,4,10,9,2,7,1,2
506,46860,Manchester City,West Ham United,2020-02-19,26,Home,77.3,1070,896,11,12,6,1,5,0,2,3.199290828554754,7,20,0,3,0.18967401545129076,10,9,1,6,2,5,2,0,0,0,0,2
507,46860,West Ham United,Manchester City,2020-02-19,26,Away,22.7,433,254,15,36,1,3,7,1,0,0.18967401545129076,0,3,2,20,3.199290828554754,2,0,0,0,0,2,10,9,1,6,2,5
508,46861,Norwich City,Liverpool,2020-02-15,26,Home,36.7,571,373,17,33,2,1,5,1,0,0.311118550872438,1,5,1,17,3.3534586243566094,2,3,1,1,1,2,9,9,2,8,1,0
509,46861,Liverpool,Norwich City,2020-02-15,26,Away,63.3,801,624,16,7,7,0,11,2,1,3.3534586243566094,6,17,0,5,0.311118550872438,9,9,2,8,1,0,2,3,1,1,1,2
510,46862,Sheffield United,Bournemouth,2020-02-09,26,Home,54.3,666,449,17,20,8,0,10,2,2,2.9925546127090814,6,16,1,10,1.9244286525803975,13,8,5,8,2,3,7,4,2,7,0,0
511,46862,Bournemouth,Sheffield United,2020-02-09,26,Away,45.7,613,391,10,47,4,1,8,3,1,1.9244286525803975,2,10,2,16,2.9925546127090814,7,4,2,7,0,0,13,8,5,8,2,3
512,46863,Southampton,Burnley,2020-02-15,26,Home,63.6,731,519,11,9,4,1,8,2,1,0.8740029324192722,2,10,2,9,1.6516915627533104,6,4,2,3,1,2,6,6,1,3,3,1
513,46863,Burnley,Southampton,2020-02-15,26,Away,36.4,508,296,18,30,3,3,11,2,2,1.6516915627533104,6,9,1,10,0.8740029324192722,6,6,1,3,3,1,6,4,2,3,1,2
514,46864,Wolverhampton Wanderers,Leicester City,2020-02-14,26,Home,40.8,557,328,18,15,7,2,13,2,0,1.4968067528513203,3,15,0,9,1.1204070067302412,12,5,8,9,1,2,4,3,1,3,1,1
515,46864,Leicester City,Wolverhampton Wanderers,2020-02-14,26,Away,59.2,698,493,21,17,0,0,10,2,0,1.1204070067302412,3,9,0,15,1.4968067528513203,4,3,1,3,1,1,12,5,8,9,1,2
516,46865,Arsenal,Everton,2020-02-23,27,Home,51.3,666,491,13,16,6,2,12,0,3,1.9575891909823842,4,9,2,17,3.7271246633941724,7,6,2,3,1,3,9,8,4,6,1,2
517,46865,Everton,Arsenal,2020-02-23,27,Away,48.7,632,455,21,8,3,2,12,4,2,3.7271246633941724,5,17,3,9,1.9575891909823842,9,8,4,6,1,2,7,6,2,3,1,3
518,46866,Burnley,Bournemouth,2020-02-22,27,Home,42.1,503,306,22,18,7,1,9,4,3,3.5119305060353927,10,16,0,12,1.9922158870814402,6,12,0,6,0,0,8,4,3,7,0,1
519,46866,Bournemouth,Burnley,2020-02-22,27,Away,57.9,639,430,12,33,3,1,9,3,0,1.9922158870814402,4,12,3,16,3.5119305060353927,8,4,3,7,0,1,6,12,0,6,0,0
520,46867,Chelsea,Tottenham Hotspur,2020-02-22,27,Home,49.1,772,551,26,13,3,1,14,1,2,2.3797421385118382,7,17,1,5,0.6699630562149911,6,10,1,1,4,2,3,3,2,2,1,0
521,46867,Tottenham Hotspur,Chelsea,2020-02-22,27,Away,50.9,794,572,24,15,5,0,14,2,1,0.6699630562149911,3,5,2,17,2.3797421385118382,3,3,2,2,1,0,6,10,1,1,4,2
522,46868,Crystal Palace,Newcastle United,2020-02-22,27,Home,44.2,585,356,22,15,7,0,15,2,1,3.5018062086554718,9,18,0,8,0.4780869643689714,11,13,5,6,2,3,2,2,1,1,0,1
523,46868,Newcastle United,Crystal Palace,2020-02-22,27,Away,55.8,655,447,16,15,5,3,11,6,0,0.4780869643689714,2,8,1,18,3.5018062086554718,2,2,1,1,0,1,11,13,5,6,2,3
524,46869,Leicester City,Manchester City,2020-02-22,27,Home,31.9,515,311,14,21,3,1,14,0,0,1.006863460846598,3,10,1,18,3.280875719838284,5,5,1,3,1,1,8,9,1,6,0,4
525,46869,Manchester City,Leicester City,2020-02-22,27,Away,68.1,871,677,15,14,7,1,10,0,1,3.280875719838284,7,18,0,10,1.006863460846598,8,9,1,6,0,4,5,5,1,3,1,1
526,46870,Liverpool,West Ham United,2020-02-24,27,Home,69.3,861,626,23,19,16,2,4,0,3,3.851783660406241,7,25,2,7,1.3405963230430635,15,9,7,5,4,6,6,4,1,3,2,1
527,46870,West Ham United,Liverpool,2020-02-24,27,Away,30.7,495,269,19,43,8,2,10,3,2,1.3405963230430635,4,7,3,25,3.851783660406241,6,4,1,3,2,1,15,9,7,5,4,6
528,46872,Sheffield United,Brighton and Hove Albion,2020-02-22,27,Home,66.3,782,532,15,7,12,3,5,0,1,2.3203083598225698,3,13,1,9,1.791872079389905,9,4,4,7,2,0,4,3,2,2,0,2
529,46872,Brighton and Hove Albion,Sheffield United,2020-02-22,27,Away,33.7,523,285,15,56,2,2,6,2,1,1.791872079389905,2,9,1,13,2.3203083598225698,4,3,2,2,0,2,9,4,4,7,2,0
530,46873,Southampton,Aston Villa,2020-02-22,27,Home,45.9,552,341,17,15,9,0,13,1,2,3.7691579605101766,9,28,0,4,0.7175035201371781,12,12,1,9,4,1,3,1,0,2,1,0
531,46873,Aston Villa,Southampton,2020-02-22,27,Away,54.1,607,398,13,25,6,2,17,4,0,0.7175035201371781,1,4,2,28,3.7691579605101766,3,1,0,2,1,0,12,12,1,9,4,1
532,46876,Bournemouth,Chelsea,2020-02-29,28,Home,26.9,515,301,8,49,4,1,8,2,2,2.1109806940115083,5,9,2,23,3.0138588889900366,6,6,3,5,1,2,13,9,5,10,2,2
533,46876,Chelsea,Bournemouth,2020-02-29,28,Away,73.1,1022,808,18,19,14,2,5,2,2,3.0138588889900366,6,23,2,9,2.1109806940115083,13,9,5,10,2,2,6,6,3,5,1,2
534,46877,Brighton and Hove Albion,Crystal Palace,2020-02-29,28,Home,66.5,778,538,26,15,8,1,8,2,0,3.1624111651364784,8,23,1,12,2.344793885241139,9,13,3,4,2,4,9,6,3,2,5,2
535,46877,Crystal Palace,Brighton and Hove Albion,2020-02-29,28,Away,33.5,506,273,23,32,7,3,9,1,1,2.344793885241139,3,12,0,23,3.1624111651364784,9,6,3,2,5,2,9,13,3,4,2,4
536,46878,Everton,Manchester United,2020-03-01,28,Home,44.4,550,327,15,19,13,3,11,3,1,2.510848757715811,5,16,1,14,1.9228819788549312,11,8,4,8,3,0,4,6,1,3,1,0
537,46878,Manchester United,Everton,2020-03-01,28,Away,55.6,639,426,17,28,8,1,11,4,1,1.9228819788549312,5,14,1,16,2.510848757715811,4,6,1,3,1,0,11,8,4,8,3,0
538,46705,Arsenal,Wolverhampton Wanderers,2019-11-02,11,Home,57.5,766,539,16,20,8,2,6,0,1,4.121196467076771,4,10,1,24,6.431670309491892,8,4,2,7,1,1,15,8,3,9,4,2
539,46705,Wolverhampton Wanderers,Arsenal,2019-11-02,11,Away,42.5,613,397,22,21,9,2,15,2,1,6.431670309491892,8,24,1,10,4.121196467076771,15,8,3,9,4,2,8,4,2,7,1,1
540,46784,West Ham United,Liverpool,2020-01-29,24,Home,29.4,519,331,17,19,3,1,6,2,0,1.630540398775124,4,7,2,13,2.2954787730714985,4,5,2,4,0,0,5,8,1,3,2,1
541,46784,Liverpool,West Ham United,2020-01-29,24,Away,70.6,1007,828,17,12,7,0,6,0,2,2.2954787730714985,5,13,0,7,1.630540398775124,5,8,1,3,2,1,4,5,2,4,0,0
542,46871,Manchester United,Watford,2020-02-23,27,Home,58.0,789,597,21,15,3,1,6,0,3,3.241186957574527,9,21,0,7,0.6056969757554888,13,13,1,3,7,4,3,4,1,0,4,1
543,46871,Watford,Manchester United,2020-02-23,27,Away,42.0,601,420,16,6,5,1,15,1,0,0.6056969757554888,2,7,3,21,3.241186957574527,3,4,1,0,4,1,13,13,1,3,7,4
544,46874,Wolverhampton Wanderers,Norwich City,2020-02-23,27,Home,39.8,592,378,32,12,4,1,11,2,3,3.849116469046095,6,19,0,6,1.0975027669064836,9,8,4,6,2,4,3,4,1,1,1,1
545,46874,Norwich City,Wolverhampton Wanderers,2020-02-23,27,Away,60.2,779,588,16,10,1,0,6,3,0,1.0975027669064836,4,6,3,19,3.849116469046095,3,4,1,1,1,1,9,8,4,6,2,4
546,46881,Norwich City,Leicester City,2020-02-28,28,Home,42.6,560,344,22,23,6,2,13,1,1,6.873223489205749,6,11,0,19,8.688112094946833,6,6,2,2,2,2,10,5,3,8,2,1
547,46881,Leicester City,Norwich City,2020-02-28,28,Away,57.4,667,468,15,10,7,0,16,2,0,8.688112094946833,4,19,1,11,6.873223489205749,10,5,3,8,2,1,6,6,2,2,2,2
548,46882,Tottenham Hotspur,Wolverhampton Wanderers,2020-03-01,28,Home,65.4,820,617,21,19,4,0,12,3,2,10.424860430936242,5,13,3,14,10.812907424545758,9,7,2,6,2,1,10,4,2,8,1,1
549,46882,Wolverhampton Wanderers,Tottenham Hotspur,2020-03-01,28,Away,34.6,534,322,25,28,5,0,14,2,3,10.812907424545758,4,14,2,13,10.424860430936242,10,4,2,8,1,1,9,7,2,6,2,1
550,46883,Watford,Liverpool,2020-02-29,28,Home,29.2,485,299,13,41,3,5,4,0,3,2.651900524081579,5,14,0,7,0.7457002456705657,9,9,0,5,2,2,2,3,0,0,3,1
551,46883,Liverpool,Watford,2020-02-29,28,Away,70.8,893,732,8,13,5,1,8,0,0,0.7457002456705657,1,7,3,14,2.651900524081579,2,3,0,0,3,1,9,9,0,5,2,2
552,46884,West Ham United,Southampton,2020-02-29,28,Home,33.7,481,257,16,35,4,0,8,1,3,11.273493399493788,7,14,1,10,4.413744446357347,10,7,3,6,2,2,7,2,2,4,1,2
553,46884,Southampton,West Ham United,2020-02-29,28,Away,66.3,737,521,17,20,9,1,11,1,1,4.413744446357347,2,10,3,14,11.273493399493788,7,2,2,4,1,2,10,7,3,6,2,2
554,46880,Newcastle United,Burnley,2020-02-29,28,Home,54.0,576,376,19,18,11,2,11,4,0,2.188798872706781,4,21,0,7,0.6841539906647791,12,8,2,7,1,4,5,0,2,2,1,2
555,46880,Burnley,Newcastle United,2020-02-29,28,Away,46.0,533,323,14,20,7,2,9,3,0,0.6841539906647791,0,7,0,21,2.188798872706781,5,0,2,2,1,2,12,8,2,7,1,4
782,46885,Arsenal,West Ham United,2020-03-07,29,Home,68.9,799,621,13,28,6,2,11,1,1,1.1594974972935683,2,9,0,14,2.2795329670474715,6,3,1,3,1,2,6,7,2,4,0,2
783,46885,West Ham United,Arsenal,2020-03-07,29,Away,31.1,448,264,11,18,7,2,9,2,0,2.2795329670474715,6,14,1,9,1.1594974972935683,6,7,2,4,0,2,6,3,1,3,1,2
784,46886,Burnley,Tottenham Hotspur,2020-03-07,29,Home,45.0,623,378,24,21,3,2,16,5,1,3.462914596248794,8,21,1,13,1.4555376687379429,10,8,3,5,4,2,3,3,0,1,1,1
785,46886,Tottenham Hotspur,Burnley,2020-03-07,29,Away,55.0,692,479,14,36,5,0,11,4,1,1.4555376687379429,2,13,1,21,3.462914596248794,3,3,0,1,1,1,10,8,3,5,4,2
786,46887,Chelsea,Everton,2020-03-08,29,Home,60.2,823,646,13,12,6,0,8,1,4,3.5229300984268943,11,17,0,3,0.45511885962652343,8,12,1,5,2,1,2,1,0,2,0,0
787,46887,Everton,Chelsea,2020-03-08,29,Away,39.8,571,415,15,11,1,1,10,2,0,0.45511885962652343,1,3,4,17,3.5229300984268943,2,1,0,2,0,0,8,12,1,5,2,1
788,46888,Crystal Palace,Watford,2020-03-07,29,Home,44.2,604,371,21,33,8,2,12,4,1,0.9283435454096753,3,10,0,10,1.1881850210990157,5,4,2,2,2,1,6,4,1,4,0,3
789,46888,Watford,Crystal Palace,2020-03-07,29,Away,55.8,665,464,22,18,8,1,16,4,0,1.1881850210990157,3,10,1,10,0.9283435454096753,6,4,1,4,0,3,5,4,2,2,2,1
790,46889,Leicester City,Aston Villa,2020-03-09,29,Home,64.6,757,543,24,12,9,3,15,2,4,2.9332449345743186,7,15,0,4,0.4991585484841876,10,11,5,5,4,1,2,2,0,2,0,0
791,46889,Aston Villa,Leicester City,2020-03-09,29,Away,35.4,510,301,23,22,0,2,12,1,0,0.4991585484841876,1,4,4,15,2.9332449345743186,2,2,0,2,0,0,10,11,5,5,4,1
792,46890,Liverpool,Bournemouth,2020-03-07,29,Home,74.5,917,729,7,20,9,1,10,0,2,2.3833695751801955,6,14,1,6,1.4252470313940395,7,7,1,5,1,2,4,3,1,2,1,1
793,46890,Bournemouth,Liverpool,2020-03-07,29,Away,25.5,419,246,9,43,4,5,12,1,1,1.4252470313940395,4,6,2,14,2.3833695751801955,4,3,1,2,1,1,7,7,1,5,1,2
794,46891,Manchester United,Manchester City,2020-03-08,29,Home,27.7,488,294,19,33,2,1,11,2,2,2.6098236018251164,6,12,0,7,0.9792541650944935,7,6,2,3,2,2,4,4,1,2,2,0
795,46891,Manchester City,Manchester United,2020-03-08,29,Away,72.3,948,761,15,8,11,2,9,4,0,0.9792541650944935,4,7,2,12,2.6098236018251164,4,4,1,2,2,0,7,6,2,3,2,2
796,46892,Sheffield United,Norwich City,2020-03-07,29,Home,41.8,576,359,14,31,10,1,12,0,1,1.6361021919058256,4,10,0,12,2.7872526725748172,8,5,2,7,1,1,5,5,3,3,1,1
797,46892,Norwich City,Sheffield United,2020-03-07,29,Away,58.2,736,519,18,27,5,3,8,0,0,2.7872526725748172,5,12,1,10,1.6361021919058256,5,5,3,3,1,1,8,5,2,7,1,1
798,46893,Southampton,Newcastle United,2020-03-07,29,Home,38.0,502,298,19,18,5,0,14,0,0,0.8013902770710305,3,6,1,14,3.8338899314463046,2,4,2,0,0,3,9,8,2,6,2,1
799,46893,Newcastle United,Southampton,2020-03-07,29,Away,62.0,696,500,15,18,8,2,15,3,1,3.8338899314463046,7,14,0,6,0.8013902770710305,9,8,2,6,2,1,2,4,2,0,0,3
800,46894,Wolverhampton Wanderers,Brighton and Hove Albion,2020-03-07,29,Home,43.1,668,458,22,14,2,0,4,1,0,1.1775794612088315,1,11,0,7,0.5837833093446889,5,2,0,4,0,1,2,1,0,2,0,0
801,46894,Brighton and Hove Albion,Wolverhampton Wanderers,2020-03-07,29,Away,56.9,821,606,23,21,0,0,7,3,0,0.5837833093446889,1,7,0,11,1.1775794612088315,2,1,0,2,0,0,5,2,0,4,0,1
